,name,address,point_x,point_y,specify,dataType,tag
0,西湖区莲花港学前教育集团新城幼儿园,浙江省杭州市西湖区益乐路100,120.10951,30.28623,西湖区,幼儿园,tdt
1,杭州市西湖区西溪花园幼儿园都市阳光园区,浙江省杭州市西湖区来仁路76东北方向36米,120.06002,30.3412,西湖区,幼儿园,tdt
2,唐老鸭幼儿园,浙江省杭州市西湖区三墩镇马家塘20号,120.04115,30.31275,西湖区,幼儿园,tdt
3,杭州市西湖区文苑幼儿园登新园区,浙江省杭州市西湖区登云圩路62,120.08328,30.28143,西湖区,幼儿园,tdt
4,西湖区百灵幼儿园,浙江省杭州市西湖区文星路6,120.08258,30.3247,西湖区,幼儿园,tdt
5,杭州市西湖区文新学前班教育集团富城幼儿园,浙江省杭州市西湖区庆隆路9东北方向90米,120.11928,30.29492,西湖区,幼儿园,tdt
6,杭州市西湖区紫荆幼儿园诚园园区,浙江省杭州市西湖区蒋村西溪人家1幢西北方向183米,120.07651,30.2927,西湖区,幼儿园,tdt
7,孝慈水木清华幼儿园,浙江省杭州市余杭区西湖小和山高教区水木清华苑,120.013828,30.221,西湖区,幼儿园,tdt
8,杭州市西湖区小和山学前教育集团嘉苑幼儿园,浙江省杭州市西湖区新安嘉苑11,120.09992,30.27145,西湖区,幼儿园,tdt
9,杭州市人民政府机关幼儿园府新分园,浙江省杭州市西湖区文二西路589府新花园,120.08616,30.28153,西湖区,幼儿园,tdt
10,文苑学前教育集团文一街幼儿园,浙江省杭州市西湖区教工路250号西南方向139米,120.1314,30.29249,西湖区,幼儿园,tdt
11,枫华府第幼儿园西溪里园区,浙江省杭州市西湖区浙江省杭州市西湖区,120.05601,30.29084,西湖区,幼儿园,tdt
12,山水学前教育集团蝶园幼儿园,浙江省杭州市西湖区紫霞街180,120.060129,30.292298,西湖区,幼儿园,tdt
13,杭州市西湖区红黄蓝幼儿园,浙江省杭州市西湖区西园七路3号正东方向26米,120.05569,30.316412,西湖区,幼儿园,tdt
14,闻裕顺学前教育集团西庐幼儿园,浙江省杭州市西湖区紫霞街271东南方向95米,120.05162,30.29385,西湖区,幼儿园,tdt
15,西湖区申花路幼儿园秀月园区,浙江省杭州市西湖区美林湾城市公寓绿岸苑1幢1-1附近东北方向152米,120.09206,30.32341,西湖区,幼儿园,tdt
16,西湖区周浦幼儿园灵山分校,浙江省杭州市西湖区浙江省杭州市西湖区,120.030197,30.13071,西湖区,幼儿园,tdt
17,西湖区花牌楼幼儿园,浙江省杭州市西湖区花牌楼151-1,120.05236,30.22938,西湖区,幼儿园,tdt
18,西湖区龙坞幼儿园叶埠桥园区,浙江省杭州市西湖区转塘街道龙坞叶埠桥老社区,120.06361,30.1785,西湖区,幼儿园,tdt
19,大风车幼儿园,浙江省杭州市西湖区高教新村7幢,120.09195,30.28993,西湖区,幼儿园,tdt
20,武林门幼儿园西区,浙江省杭州市西湖区马塍路9号,120.14405,30.27805,西湖区,幼儿园,tdt
21,留下幼儿园东穆坞分园,浙江省杭州市西湖区留泗路东穆坞,120.05648,30.2244,西湖区,幼儿园,tdt
22,袁浦幼儿园求知分园,浙江省杭州市西湖区浙江省杭州市西湖区,120.0985,30.11405,西湖区,幼儿园,tdt
23,绕城幼儿园,浙江省杭州市西湖区浙江省杭州市西湖区,120.0499,30.33993,西湖区,幼儿园,tdt
24,浙江幼师幼儿园,浙江省杭州市西湖区保m北路92-1,120.13654,30.28827,西湖区,幼儿园,tdt
25,杭州市・西湖区名苑学前教育集团黄龙和山幼儿园,浙江省杭州市西湖区杨梅山路261正南方向148米,120.0596,30.24375,西湖区,幼儿园,tdt
26,浙师大杭幼师院附属幼儿园,浙江省杭州市西湖区文二路125号杭州幼儿师范学院,120.13392,30.28517,西湖区,幼儿园,tdt
27,和马幼儿园,浙江省杭州市西湖区浙江省杭州市西湖区,120.019889,30.215109,西湖区,幼儿园,tdt
28,杭州市西湖区大禹路幼儿园同仁园区,浙江省杭州市西湖区灯彩街212正北方向170米,120.07798,30.33036,西湖区,幼儿园,tdt
29,杭州市西湖区物华幼儿园,浙江省杭州市西湖区余杭塘路515号正北方向121米,120.10455,30.293838,西湖区,幼儿园,tdt
30,三墩华联幼儿园,浙江省杭州市西湖区浙江省杭州市西湖区,120.02899,30.34829,西湖区,幼儿园,tdt
31,宝贝1+1幼儿园,浙江省杭州市西湖区方家苑商-063西北方向53米,120.06621,30.16378,西湖区,幼儿园,tdt
32,杭州市西子湖幼儿园(三台山园区),浙江省杭州市西湖区三台云舍12-1,120.129,30.22764,西湖区,幼儿园,tdt
33,天虹幼儿园水月园区,浙江省杭州市西湖区城北商贸园34幢,120.08805,30.31284,西湖区,幼儿园,tdt
34,白荡海幼儿园,浙江省杭州市西湖区文一路66,120.13841,30.29204,西湖区,幼儿园,tdt
35,转塘第二幼儿园,浙江省杭州市西湖区方家苑商002东北方向120米,120.06894,30.1649,西湖区,幼儿园,tdt
36,枫华府第幼儿园庆丰园区,浙江省杭州市西湖区玉古路165-1,120.12316,30.26905,西湖区,幼儿园,tdt
37,杭州市西湖区三坝幼儿园金地园区,浙江省杭州市西湖区厚仁路369号三墩新天地商业中心13幢正东方向155米,120.07061,30.33626,西湖区,幼儿园,tdt
38,杭州市方家塘幼儿园,浙江省杭州市拱墅区浙江省杭州市西湖区,120.09736,30.31442,西湖区,幼儿园,tdt
39,杭州市西湖区慧仁家园幼儿园,浙江省杭州市西湖区墩祥街398西南方向198米,120.072,30.33228,西湖区,幼儿园,tdt
40,北山幼儿园嘉绿西苑园区,浙江省杭州市西湖区嘉绿苑西39,120.10552,30.28245,西湖区,幼儿园,tdt
41,转塘第一幼儿园,浙江省杭州市西湖区梦园街横桥沈合苑停车场内正南方向57米,120.0624,30.16236,西湖区,幼儿园,tdt
42,三墩镇中心幼儿园阳光嘉苑园区,浙江省杭州市西湖区周坪路29,120.06511,30.34009,西湖区,幼儿园,tdt
43,西湖区小天使幼儿园,浙江省杭州市西湖区双浦镇外张村委旁左侧,120.14808,30.11965,西湖区,幼儿园,tdt
44,文新学前教育集团金地幼儿园,浙江省杭州市西湖区欣然街88东南方向96米,120.06452,30.33291,西湖区,幼儿园,tdt
45,文新学前教育集团紫萱幼儿园,浙江省杭州市西湖区紫宣路308东南方向192米,120.0662,30.32944,西湖区,幼儿园,tdt
46,西溪花园幼儿园竞舟苑园区,浙江省杭州市西湖区晴川街571,120.05138,30.28575,西湖区,幼儿园,tdt
47,新世纪幼儿园,浙江省杭州市西湖区古墩路1105新世纪花苑,120.085917,30.327108,西湖区,幼儿园,tdt
48,转塘小学(凌家桥校区),浙江省杭州市西湖区凌家桥,120.075945,30.139296,西湖区,小学,tdt
49,杭州市大禹路小学甲来路校区,浙江省杭州市西湖区甲来路86,120.06224,30.34223,西湖区,小学,tdt
50,学军小学紫金港校区,浙江省杭州市西湖区萍水西街198,120.0899,30.3027,西湖区,小学,tdt
51,杭州市翠苑第一小学(文华校区),浙江省杭州市西湖区竞舟路299,120.09762,30.29288,西湖区,小学,tdt
52,杭州市三墩镇长桥小学,浙江省杭州市西湖区双桥村徐家塘,120.03008,30.31627,西湖区,小学,tdt
53,文一街小学(政苑校区),浙江省杭州市西湖区政苑小区73幢2号,120.096642,30.299874,西湖区,小学,tdt
54,转塘小学回龙校区,浙江省杭州市西湖区转塘街道南村225号东北方向193米,120.0923,30.12415,西湖区,小学,tdt
55,袁浦东江嘴小学,浙江省杭州市西湖区浙江省杭州市西湖区,120.162462,30.112116,西湖区,小学,tdt
56,杭州市嘉绿苑小学景汇校区,浙江省杭州市西湖区浙江省杭州市西湖区,120.0628,30.35099,西湖区,小学,tdt
57,杭州市行知第二小学,浙江省杭州市西湖区浙江省杭州市西湖区,120.056438,30.295873,西湖区,小学,tdt
58,杭州市文三教育集团定山小学,浙江省杭州市西湖区灵凤街178,120.066207,30.142189,西湖区,小学,tdt
59,杭州市行知小学文二校区,浙江省杭州市西湖区文二路277,120.12633,30.28486,西湖区,小学,tdt
60,文一街小学秀水校区,浙江省杭州市西湖区秀里街306,120.09102,30.32431,西湖区,小学,tdt
61,浙江大学附属第二小学,浙江省杭州市西湖区五常港路469正东方向151米,120.06077,30.30305,西湖区,小学,tdt
62,西湖小学教育集团府苑小学,浙江省杭州市西湖区府苑新村,120.0885,30.27061,西湖区,小学,tdt
63,杭州市三墩小学双桥校区,浙江省杭州市西湖区肖家坝12号,120.035869,30.332421,西湖区,小学,tdt
64,杭州市之江第二小学,浙江省杭州市西湖区文景路330,120.09004,30.16259,西湖区,小学,tdt
65,杭州市星洲第二小学,浙江省杭州市西湖区莲紫路,120.057584,30.333559,西湖区,小学,tdt
66,杭州市学军小学之江校区,浙江省杭州市西湖区梦园街188,120.064912,30.163091,西湖区,小学,tdt
67,保m塔实验学校高中部,浙江省杭州市西湖区宝石二路,120.14192,30.26605,西湖区,中学,tdt
68,杭州学军中学,浙江省杭州市西湖区蒋墩路369,120.06487,30.30032,西湖区,中学,tdt
69,之江第一中学,浙江省杭州市西湖区浙江省杭州市西湖区,120.0869,30.162,西湖区,中学,tdt
70,杭州市嘉绿苑中学,浙江省杭州市西湖区华星路218,120.11131,30.2813,西湖区,中学,tdt
71,大禹路九年一贯制中学,浙江省杭州市西湖区浙江省杭州市西湖区,120.07694,30.330944,西湖区,中学,tdt
72,杭州民办风帆中学,浙江省杭州市西湖区浙江省杭州市西湖区,120.150056,30.265037,西湖区,中学,tdt
73,杭州市保m塔实验学校(松木场校区),浙江省杭州市西湖区天目山路81号,120.144031,30.274038,西湖区,中学,tdt
74,杭州师范大学附属中学国际部,浙江省杭州市西湖区振华路6正北方向146米,120.08351,30.31919,西湖区,中学,tdt
75,杭州博雅学院,浙江省杭州市西湖区百家园路128号正南方向53米,120.05665,30.25227,西湖区,中专,tdt
76,浙江长征职业技术学院,浙江省杭州市西湖区留和路525,120.01426,30.2098,西湖区,中专,tdt
77,杭州市西湖区博厚职业技术培训学校,浙江省杭州市西湖区池华街330号尚坤云谷中心5层510,120.0659,30.33236,西湖区,中专,tdt
78,浙江东南外国语职业学校,浙江省杭州市西湖区浙江省杭州市西湖区,120.06126,30.320893,西湖区,中专,tdt
79,杭州科技职业技术学院翠苑校区,浙江省杭州市西湖区毛家桥路26号,120.111013,30.288627,西湖区,中专,tdt
80,杭州市电子信息职业学校,浙江省杭州市西湖区高技街2,120.11869,30.2875,西湖区,中专,tdt
81,浙江公路技师学院老和山校区,浙江省杭州市西湖区西溪路521,120.10875,30.2711,西湖区,中专,tdt
82,浙江省图书馆中等专业函授学校,浙江省杭州市西湖区曙光路73号,120.13168,30.26602,西湖区,中专,tdt
83,浙江公路机械技工学校,浙江省杭州市西湖区浙江省杭州市西湖区,120.080674,30.257216,西湖区,中专,tdt
84,杭州计算机学校,浙江省杭州市西湖区浮山东路1号,120.085442,30.135227,西湖区,中专,tdt
85,杭州万向职业技校东区,浙江省杭州市西湖区花坞路3号,120.07172,30.26059,西湖区,中专,tdt
86,杭州第一技师学院,浙江省杭州市西湖区浙江省杭州市西湖区,120.077184,30.256798,西湖区,中专,tdt
87,浙江联信经济管理专修学校,浙江省杭州市西湖区浙江省杭州市西湖区,120.093534,30.258936,西湖区,中专,tdt
88,杭州电子科技大学文一校区,浙江省杭州市西湖区文一路115,120.13505,30.28904,西湖区,大专,tdt
89,浙江工商大学教工路校区西区,浙江省杭州市西湖区教工路149号,120.1289,30.28657,西湖区,大专,tdt
90,浙江大学紫金港校区,浙江省杭州市西湖区余杭塘路866,120.0817,30.30692,西湖区,大专,tdt
91,浙江科技学院(小和山校区),浙江省杭州市西湖区留和路318号,120.023012,30.221232,西湖区,大专,tdt
92,浙江中华文化学院文欣校区,浙江省杭州市西湖区浙江省杭州市西湖区,120.13432,30.29504,西湖区,大专,tdt
93,浙江大学西溪校区北园,浙江省杭州市西湖区文三路232号,120.13231,30.28021,西湖区,大专,tdt
94,西湖大学(浙江西湖高等研究院),浙江省杭州市西湖区云栖小镇石龙山街18号,120.075445,30.13648,西湖区,大专,tdt
95,浙江工业大学屏峰校区,浙江省杭州市西湖区留和路288,120.03212,30.22728,西湖区,大专,tdt
96,浙江大学紫金港校区西区,浙江省杭州市西湖区浙江省杭州市西湖区,120.06707,30.301,西湖区,大专,tdt
97,杭州师范大学玉皇山校区,浙江省杭州市西湖区玉皇山路77号,120.150801,30.231336,西湖区,大专,tdt
98,浙江理工大学文一校区,浙江省杭州市西湖区文一路118号,120.13322,30.291278,西湖区,大专,tdt
99,浙江大学玉泉校区,浙江省杭州市西湖区浙大路38号,120.118195,30.26428,西湖区,大专,tdt
100,浙江大学西溪校区,浙江省杭州市西湖区天目山路148号,120.1363,30.27612,西湖区,大专,tdt
101,浙江大学之江校区,浙江省杭州市西湖区之江路51号,120.121324,30.195147,西湖区,大专,tdt
102,浙江工商大学教工路校区东区,浙江省杭州市西湖区教工路198号,120.13392,30.2875,西湖区,大专,tdt
103,湖畔大学,浙江省杭州市西湖区鹆鹄湾附近,120.13029,30.22886,西湖区,大专,tdt
104,中国美术学院(象山中心校区),浙江省杭州市西湖区象山路352号,120.070715,30.159016,西湖区,大专,tdt
105,浙江财经大学文华校区,浙江省杭州市西湖区文一西路83,120.1065,30.28847,西湖区,大专,tdt
106,爱嘉幼学托育园,西湖区山水人家彩云天会馆1层(蚂蚁金服对面),120.10400304504365,30.27215283425742,西湖区,幼儿园,gd
107,蓝天幼儿园(周浦线),西湖区双浦镇三阳村408号(中共杭州市双浦镇委员会东),120.07009014414459,30.09310604827593,西湖区,幼儿园,gd
108,和庄幼儿园,西湖区天目山路383号,120.06737572655558,30.259480594314088,西湖区,幼儿园,gd
109,孩盟国际幼托,西湖区盛龙街西城年华65号,120.09512431621039,30.312268921399248,西湖区,幼儿园,gd
110,Kaiser Nursery卡朗幼托,西湖区文一路122号城市芯宇2幢103-2,120.13247509456744,30.292472523059637,西湖区,幼儿园,gd
111,贝比之家早教幼托中心,西湖区文三西路29号,120.1069311101174,30.278258143550612,西湖区,幼儿园,gd
112,西湖区午山幼儿园瑷骊山园区,西湖区霞鸣街269号,120.06124460384153,30.145471874512292,西湖区,幼儿园,gd
113,杭师大幼儿园,西湖区教工路142号,120.1312871157159,30.283307990666216,西湖区,幼儿园,gd
114,酷特儿幼托,西湖区古墩路107号,120.09618918826354,30.27613383384375,西湖区,幼儿园,gd
115,杭州西点香樟婴幼园,西湖区竞舟路102号,120.10086088921743,30.281187378824956,西湖区,幼儿园,gd
116,杭州孝慈旭航幼儿园,西湖区西溪路799号,120.06971777749109,30.25299103853058,西湖区,幼儿园,gd
117,文新学前教育集团,西湖区文新街道古墩路580-2号,120.09482579378852,30.292489297301927,西湖区,幼儿园,gd
118,象山幼儿园(科海路园区),西湖区燕庐巷与青蓝路交叉路口西南侧(东日晴好),120.08605376982838,30.13813983581408,西湖区,幼儿园,gd
119,杭州云溪幼儿园,西湖区转塘街道珊瑚沙路61号,120.09164945929675,30.16767262836455,西湖区,幼儿园,gd
120,象山幼儿园云荷廷园区,西湖区江涵路银泰百货(杭州之江店)东侧约210米,120.0997852683115,30.170388612192227,西湖区,幼儿园,gd
121,西庐幼儿园小班部,西湖区双龙街380号西溪里瑾园北对面,120.05543236958847,30.295823366601844,西湖区,幼儿园,gd
122,杭州云谷幼儿园,西湖区留下街道桃源坞5-7号楼,120.10074173189822,30.25816751844192,西湖区,幼儿园,gd
123,青青幼乐园,西湖区五常港路融创河滨之城雨澜轩商铺,120.05618696624201,30.301305342405126,西湖区,幼儿园,gd
124,之江幼儿园(丽景路园区),西湖区之新花苑18幢,120.08961622904991,30.158794612251125,西湖区,幼儿园,gd
125,初本幼园(古墩校区),西湖区文一西路骆家庄498号,120.09433086787159,30.28764190358402,西湖区,幼儿园,gd
126,象象部落(金地自在城栖霞居店),"西湖区城栖霞居5幢103,104室",120.0622098493822,30.331411135213113,西湖区,幼儿园,gd
127,杭州市西湖区大禹路幼儿园小班部,西湖区荷风苑11幢(商铺)107附近正东方向100米,120.07897956714206,30.334558004636268,西湖区,幼儿园,gd
128,袁浦幼儿园小江分园,西湖区,120.12018275365921,30.130717712123953,西湖区,幼儿园,gd
129,杭州市西湖区周浦幼儿园灵山分园,西湖区双浦镇周浦三阳村408号,120.03511117148534,30.131185490997886,西湖区,幼儿园,gd
130,澳美绿园婴幼公馆,西湖区玉古路159号-161号(黄龙体育中心旁、绿园小业主俱乐部内),120.12434228673453,30.268153515894806,西湖区,幼儿园,gd
131,慧之铭幼儿园,西湖区转塘家园南区光阳大厦二楼,120.08044085024734,30.16562981973017,西湖区,幼儿园,gd
132,西湖区莲花港学前教育集团水晶城幼儿园,西湖区澜玉弄,120.10110928246085,30.161933027698282,西湖区,幼儿园,gd
133,杭州市西湖区袁浦幼儿园,西湖区杭州市西湖区双浦镇兰溪口村450号（袁浦小学西面）,120.11511593948521,30.116848960604276,西湖区,幼儿园,gd
134,艾儿思美式幼儿园(西湖华盛顿园),西湖区古墩路391号,120.09418794437349,30.285623142568976,西湖区,幼儿园,gd
135,启桢幼儿园(普普园区),西湖区西园四路西港白领公寓西南侧约90米,120.06466700328936,30.315717466730806,西湖区,幼儿园,gd
136,杭州市西湖区文溪幼儿园,西湖区崇仁路杭州市西溪实验学校南侧约250米,120.07295424203664,30.28709894425674,西湖区,幼儿园,gd
137,杭州市西湖区转塘幼儿园中村园区,西湖区G320与G320辅路交叉口西南方向60米,120.04009096434812,30.14897676119288,西湖区,幼儿园,gd
138,妙乐卡梦想幼儿园,西湖区三墩镇欣然街32号紫金梦想广场4号楼,120.06077441289818,30.329602716782745,西湖区,幼儿园,gd
139,南迪初本幼儿园,西湖区西溪路537号钱江西溪和景6幢,120.10253290093544,30.266283063693862,西湖区,幼儿园,gd
140,格林早教园,西湖区紫金港路紫金庭园,120.08793382523533,30.273342381372633,西湖区,幼儿园,gd
141,杭州市西湖区龙坞幼儿园里桐坞园区,西湖区桐坞东路,120.04849427557423,30.19988481999633,西湖区,幼儿园,gd
142,政苑幼儿园(枫桦东路校区),西湖区双浦镇滨之澜苑二区1-1幢,120.11038267325841,30.15089332681123,西湖区,幼儿园,gd
143,杭州市西湖区花语城幼儿园,西湖区贝家街1号,120.05919572834615,30.333646800213657,西湖区,幼儿园,gd
144,初本幼园,西湖区三墩镇榨河巷6号丰盛九玺8幢商铺,120.06332590443114,30.330432522469113,西湖区,幼儿园,gd
145,杭州市西湖区新蕾幼儿园,西湖区转塘街道南村225号,120.09034091709508,30.130973072960508,西湖区,幼儿园,gd
146,西湖区龙坞幼儿园葛衙庄园区,西湖区龙坞镇葛衙庄路115号西湖实验学校东侧,120.04506418719134,30.183791034237004,西湖区,幼儿园,gd
147,文鼎苑幼儿园宝嘉誉府园区,西湖区西行路62号,120.07683656205386,30.315487557371615,西湖区,幼儿园,gd
148,解放军联勤保障部队第九三医院幼儿园,西湖区灵隐路14号,120.11494142375912,30.24929200002346,西湖区,幼儿园,gd
149,龙坞幼儿园龙门坎园区,西湖区龙坞镇龙门坎杨家外里33号,120.02950177977382,30.193435082316242,西湖区,幼儿园,gd
150,袁浦幼儿园外张分园,西湖区杭州绕城高速,120.15536862293871,30.115197311149515,西湖区,幼儿园,gd
151,浙江大学之江校区幼儿园,西湖区之江路51号浙江大学之江校区,120.12297764361976,30.19601912797889,西湖区,幼儿园,gd
152,杭州市哆来咪幼儿园,西湖区古墩路369金田花园18幢哆来咪幼儿园,120.09287254144633,30.28059093795072,西湖区,幼儿园,gd
153,陈经纶体育学校幼儿园,西湖区曙光路126号,120.13273077859047,30.26786534217848,西湖区,幼儿园,gd
154,三墩幼儿园(建设中),西湖区庄墩路与茹家街交叉口西北100米,120.06018953183555,30.346971131008704,西湖区,幼儿园,gd
155,文苑小学,西湖区竞舟路111号,120.09976476509354,30.28185621330673,西湖区,小学,gd
156,杭州市西子湖小学,西湖区西湖街道之江路40号,120.11224024733761,30.188702982928984,西湖区,小学,gd
157,西湖(紫萱)小学,西湖区墩祥路与紫萱路交叉口西北150米,120.06512346443535,30.329358962158484,西湖区,小学,gd
158,翠苑第一小学(翠苑校区),西湖区文一路375号,120.12213102466767,30.289690158948503,西湖区,小学,gd
159,杭州市育才教育集团文溪小学,西湖区凌波路8号,120.05107141396262,30.28233830095098,西湖区,小学,gd
160,求是(西溪)小学,西湖区文一西路578号,120.07217432890903,30.29011651706393,西湖区,小学,gd
161,杭州文理第二小学,西湖区金庄路与联鸿街交叉路口往东北约240米,120.070849240936,30.345650853837576,西湖区,小学,gd
162,杭州市学军小学教育集团云栖小学(建设中),西湖区,120.10955802334752,30.144601089338895,西湖区,小学,gd
163,杭州学军中学(紫金港校区),西湖区花蒋路,120.0631616168289,30.30037763335368,西湖区,中学,gd
164,浙江常春藤国际高中,西湖区留下街道小和山支路79号,120.02625912545396,30.21602670561319,西湖区,中学,gd
165,杭州东方中学,西湖区西溪路655-1号,120.0836392438793,30.25658928724158,西湖区,中学,gd
166,浙江省杭州第七中学转塘校区,西湖区转塘环山路1号,120.05198520826897,30.151594512345902,西湖区,中学,gd
167,杭州市西湖第一实验学校,西湖区转塘街道葛衙庄龙新路,120.04378638741716,30.183587928003185,西湖区,中学,gd
168,杭州市之江第一中学(建设中),西湖区珊瑚沙路南侧,120.08803408442571,30.164980076612025,西湖区,中学,gd
169,杭州市文理中学,西湖区欣然路,120.06764812860868,30.334605640421923,西湖区,中学,gd
170,杭州第一技师学院,西湖区西溪路719号,120.0778895370933,30.254739950012592,西湖区,职业技术学校,gd
171,中国美术学院(梦园教学区),西湖区梦园路18号,120.07156420555846,30.165755664656245,西湖区,职业技术学校,gd
172,浙江特殊教育职业学院,西湖区留下街道留和路527号,120.0099386286962,30.20695642453575,西湖区,职业技术学校,gd
173,达内UI设计学院(杭州西溪中心),西湖区教工路23号百脑汇科技大厦1508室,120.13074746158864,30.276443010406087,西湖区,职业技术学校,gd
174,浙音校卫,西湖区,120.05770415132278,30.160240475262533,西湖区,职业技术学校,gd
175,紫霞幼儿园,杭州市西湖区崇信路与双龙街交叉路口往西约50米,120.07495774368546,30.29433483022256,西湖区,幼儿园,
176,双桥幼儿园,杭州市西湖区祥余线,120.03359292292127,30.33313753096143,西湖区,幼儿园,
177,杭州人幼,杭州市西湖区古墩路656号紫金港商务大厦,120.093014752973,30.30746532483968,西湖区,幼儿园,
178,浙江师范大学杭州幼儿师范学院,浙江省杭州市西湖区文二路125号,120.1348223544427,30.284776930067483,西湖区,幼儿园,
179,正达艺术园,杭州市西湖区灵山线,120.05680873934324,30.125072136253895,西湖区,幼儿园,
180,光幼儿园,浙江省杭州市西湖区江涵路畅达机动车驾驶员培训有限公司,120.09692535455285,30.15804529745632,西湖区,幼儿园,
181,云栖公望数字艺术园,浙江省杭州市西湖区转塘街道石龙山工业区块17号,120.06979271433015,30.13312626237019,西湖区,幼儿园,
182,孩盟国际儿童公馆(紫荆花园区),杭州市西湖区紫荆花路397号,120.08750829287277,30.2933165661289,西湖区,幼儿园,
183,韦尔家教育(文鼎苑店),浙江省杭州市西湖区余杭塘路817号,120.08958341253472,30.29753294894053,西湖区,幼儿园,
184,希溪谷,杭州市西湖区御溪巷复地黄龙和山,120.06050745180903,30.245861202721013,西湖区,幼儿园,
185,杭州市之江第二小学,杭州市西湖区珊瑚沙路与碧波路交叉口西南50米,120.09045316460409,30.164446407785878,西湖区,小学,
186,浙江科技学院(小和山校区),浙江省杭州市西湖区留和路318号,120.02049840398509,30.222433992781042,西湖区,小学,
187,三墩镇山桥小学,杭州市西湖区三墩镇肖家坝12号,120.03656364405607,30.330880232482873,西湖区,小学,
188,朴新飞越中小学,杭州市西湖区马塍路马塍路4号A座,120.14540761475915,30.276943097205454,西湖区,小学,
189,文一街小学(师苑校区),杭州市西湖区笃行巷融信杭州公馆南侧约130米,120.12550849547358,30.292374839497292,西湖区,小学,
190,翁家山小学,浙江省杭州市西湖区翁家山128号,120.11175190997454,30.22132717648407,西湖区,小学,
191,杨家塘村茹家堪东34号,杭州市西湖区振华路紫金港・人才公寓西南侧约210米,120.05287366024756,30.315287603392388,西湖区,小学,
192,浙江大学紫金港校区行政中心,杭州市西湖区余杭塘路866号浙江大学紫金港校区,120.08330864348143,30.305771496880094,西湖区,小学,
193,杭州师范大学玉皇山校区(小剧场),浙江省杭州市西湖区玉皇山路77号,120.152609321152,30.23066475581703,西湖区,小学,
194,大地之野小森林,浙江省杭州市西湖区上城埭路,120.03590970435097,30.180047072529412,西湖区,小学,
195,上泗中学,浙江省杭州市西湖区沈横路30号,120.06234904498939,30.164382120258896,西湖区,中学,
196,杭州西湖职业高级中学,杭州市西湖区杭新东路3号,120.0781714017985,30.160083019285192,西湖区,中学,
197,杭州市轻工高级技工学校,浙江省杭州市西湖区下杨村,120.06412302779414,30.112520521274867,西湖区,中学,
198,杭州医药中等专业学校(马家坞),杭州市西湖区马家坞26号(近马家坞),120.09466569279506,30.25891575086673,西湖区,中学,
199,余杭区东湖世纪星幼儿园,浙江省杭州市临平区东湖北路321号,120.2972,30.44552,余杭区,幼儿园,tdt
200,临平街道中心幼儿园,浙江省杭州市临平区映荷街138西南方向80米,120.28332,30.43138,余杭区,幼儿园,tdt
201,闲林中心幼儿园和睦分园,浙江省杭州市余杭区金家浜16,119.997313,30.255394,余杭区,幼儿园,tdt
202,余杭区勾庄中心幼儿园金家渡园区,浙江省杭州市余杭区曹家路69,120.080778,30.348272,余杭区,幼儿园,tdt
203,崇贤镇中心幼儿园沿山分园,浙江省杭州市临平区浙江省杭州市余杭区,120.18973,30.40482,余杭区,幼儿园,tdt
204,崇贤中心幼儿园周家村分园,浙江省杭州市临平区鱼池埂8号,120.1546,30.41933,余杭区,幼儿园,tdt
205,仁和中心幼儿园平宅分园,浙江省杭州市余杭区仁和镇平宅顿力南路正北方向171米,120.12961,30.44192,余杭区,幼儿园,tdt
206,贝尔树幼儿园,浙江省杭州市余杭区浙江省杭州市余杭区,120.089643,30.348323,余杭区,幼儿园,tdt
207,玉鸟幼儿园,浙江省杭州市余杭区良渚镇良渚文化村,120.023338,30.369192,余杭区,幼儿园,tdt
208,仁和中心幼儿园东山分园,浙江省杭州市余杭区浙江省杭州市余杭区,120.09418,30.4309,余杭区,幼儿园,tdt
209,临平第三幼儿园木桥浜路分园,浙江省杭州市临平区木桥浜路176,120.29448,30.42295,余杭区,幼儿园,tdt
210,南苑街道中心幼儿园万常分园,浙江省杭州市临平区浙江省杭州市余杭区,120.307133,30.358044,余杭区,幼儿园,tdt
211,五洋幼儿园,浙江省杭州市临平区繁荣路57,120.26939,30.49793,余杭区,幼儿园,tdt
212,仁和第一幼儿园东风分园,浙江省杭州市余杭区浙江省杭州市余杭区,120.07677,30.43838,余杭区,幼儿园,tdt
213,仓前镇中心幼儿园高桥分园,浙江省杭州市余杭区三仓路28号正北方向26米,120.015,30.31642,余杭区,幼儿园,tdt
214,闲林中心幼儿园民丰分园,浙江省杭州市余杭区民丰文化活动中心正东方向124米,119.99247,30.23842,余杭区,幼儿园,tdt
215,新阳光幼儿园,浙江省杭州市余杭区莫干山路1632,120.08212,30.35527,余杭区,幼儿园,tdt
216,余杭区闲林中心幼儿园里项分院,浙江省杭州市余杭区浙江省杭州市余杭区,119.98164,30.20314,余杭区,幼儿园,tdt
217,星桥中心幼儿园惠都分园,浙江省杭州市临平区太平路119,120.26412,30.3982,余杭区,幼儿园,tdt
218,余杭区大樟树幼儿园,浙江省杭州市临平区杭沪复线东西大道正东方向151米,120.29874,30.38,余杭区,幼儿园,tdt
219,杭州市余杭区美孚天童幼儿园,浙江省杭州市临平区北沙西路152-16,120.26688,30.43228,余杭区,幼儿园,tdt
220,余杭区南湖幼儿园下陡门分园,浙江省杭州市余杭区余杭镇斗门村老村委2楼西北方向75米,119.92003,30.33145,余杭区,幼儿园,tdt
221,杭州市余杭区五常街道中心幼儿园文一分园,浙江省杭州市余杭区西溪北苑21-6,120.03677,30.29072,余杭区,幼儿园,tdt
222,瓶窑镇中心幼儿园北湖分园,浙江省杭州市余杭区浙江省杭州市余杭区,119.94975,30.39101,余杭区,幼儿园,tdt
223,临平街道中心幼儿园顺达园区,浙江省杭州市临平区顺达路158,120.2722,30.43627,余杭区,幼儿园,tdt
224,百丈镇中心幼儿园溪口分园,浙江省杭州市余杭区浙江省杭州市余杭区,119.76629,30.49216,余杭区,幼儿园,tdt
225,金宝贝幼儿园,浙江省杭州市临平区迎宾路273-90,120.30052,30.4125,余杭区,幼儿园,tdt
226,勾庄中心幼儿园中星桥分园,浙江省杭州市余杭区中星桥13东南方向32米,120.10781,30.38566,余杭区,幼儿园,tdt
227,杭州市余杭区南苑街道中心幼儿园红联分园,浙江省嘉兴市临平区浙江省杭州市余杭区,120.3093,30.39489,余杭区,幼儿园,tdt
228,杭州市余杭区五常街道中心幼儿园西溪园区,浙江省杭州市余杭区荆长路38,120.0363,30.24926,余杭区,幼儿园,tdt
229,星桥中心幼儿园汤家分园,浙江省杭州市临平区浙江省杭州市余杭区,120.24264,30.4053,余杭区,幼儿园,tdt
230,塘栖镇第一幼儿园西苑园区,浙江省杭州市临平区浙江省杭州市余杭区,120.17792,30.46438,余杭区,幼儿园,tdt
231,余杭区杭运幼儿园杭行路园区,浙江省杭州市余杭区良渚街道好运路,120.10923,30.35049,余杭区,幼儿园,tdt
232,临平第二幼儿园红丰园区,浙江省杭州市临平区临平三号桥南,120.30341,30.43774,余杭区,幼儿园,tdt
233,杭州市余杭区临平第三幼儿园西安分园,浙江省杭州市临平区西安新苑・东区140,120.29193,30.39842,余杭区,幼儿园,tdt
234,塘栖第三幼儿园姚家埭园区,浙江省杭州市临平区塘乾线附近东南方向128米,120.22709,30.4845,余杭区,幼儿园,tdt
235,杭州市余杭区西塘雅苑幼儿园白洋里园区,浙江省杭州市余杭区浙江省杭州市余杭区,120.07634,30.348933,余杭区,幼儿园,tdt
236,云禾幼儿园,浙江省杭州市余杭区良塘线附近东南方向200米,120.091435,30.4051,余杭区,幼儿园,tdt
237,余杭区崇贤第二幼儿园,浙江省杭州市临平区向阳村曹家浜39正西方向130米,120.16256,30.38767,余杭区,幼儿园,tdt
238,崇贤第一幼儿园大安分园,浙江省杭州市临平区浙江省杭州市余杭区,120.167982,30.408149,余杭区,幼儿园,tdt
239,临平第二幼儿园横塘分园,浙江省杭州市临平区横塘新村41,120.29496,30.44375,余杭区,幼儿园,tdt
240,黄湖镇中心幼儿园青山教学点,浙江省杭州市余杭区浙江省杭州市余杭区,119.82027,30.4832,余杭区,幼儿园,tdt
241,瓶窑镇第二幼儿园,浙江省杭州市余杭区前程路28西南方向180米,119.9725,30.37088,余杭区,幼儿园,tdt
242,崇贤第二幼儿园山后分园,浙江省杭州市临平区龙旋村委,120.14247,30.40533,余杭区,幼儿园,tdt
243,五常街道中心幼儿园,浙江省杭州市余杭区永福社区一号农居点48西北方向124米,120.02543,30.2863,余杭区,幼儿园,tdt
244,瓶窑镇彭公村五星幼儿园,浙江省杭州市余杭区板石24,119.91361,30.43075,余杭区,幼儿园,tdt
245,余杭区杭运幼儿园运河分园,浙江省杭州市余杭区李家塘32号附近,120.10721,30.36013,余杭区,幼儿园,tdt
246,杭州市余杭区新星幼教集团余高分园,浙江省杭州市临平区碧荷街41号,120.29023,30.43476,余杭区,幼儿园,tdt
247,运河第二幼儿园五杭分园,浙江省杭州市临平区运河街道五杭万丰东路1号,120.2704,30.49751,余杭区,幼儿园,tdt
248,星桥中心幼儿园新都分园,浙江省杭州市临平区浙江省杭州市余杭区,120.25352,30.39038,余杭区,幼儿园,tdt
249,余杭区南苑街道中心幼儿园五科分院,浙江省杭州市临平区浙江省杭州市余杭区,120.32856,30.37473,余杭区,幼儿园,tdt
250,崇贤第一幼儿园陆家桥分园,浙江省杭州市临平区星海南路85正北方向150米,120.1708,30.383,余杭区,幼儿园,tdt
251,乔司第一幼儿园胜稼分园,浙江省杭州市临平区三角佃34-1正东方向118米,120.27734,30.33426,余杭区,幼儿园,tdt
252,杭州师范大学附属仓前实验幼儿园仓溢分园,浙江省杭州市余杭区东莲街999,119.98839,30.28815,余杭区,幼儿园,tdt
253,运河第一幼儿园滩里分园,浙江省杭州市临平区滩里社区6组正东方向146米,120.281101,30.469379,余杭区,幼儿园,tdt
254,杭州市余杭区安溪幼儿园(新星分院),浙江省杭州市余杭区安上线附近正东方向44米,120.0489,30.42054,余杭区,幼儿园,tdt
255,苕溪幼儿园义桥分园,浙江省杭州市余杭区新庵前65,119.8915,30.29854,余杭区,幼儿园,tdt
256,余杭区乔司第二幼儿园,浙江省杭州市临平区世纪大道西1211-41正西方向177米,120.27567,30.38986,余杭区,幼儿园,tdt
257,东塘中心幼儿园,浙江省杭州市余杭区仁和镇东塘村小环桥路,120.112329,30.455141,余杭区,幼儿园,tdt
258,新星幼儿园育才园区,浙江省杭州市临平区沿山路184号,120.29335,30.43102,余杭区,幼儿园,tdt
259,良渚云华幼儿园歌罗桥分园,浙江省杭州市余杭区浙江省杭州市余杭区,119.99859,30.3348,余杭区,幼儿园,tdt
260,余杭区仁和镇中心幼儿园,浙江省杭州市余杭区洛阳村南庄桥22号,120.08428,30.45422,余杭区,幼儿园,tdt
261,杭州英联幼儿园,浙江省杭州市余杭区春漫里60幢2单元303西南方向98米,120.0203,30.3608,余杭区,幼儿园,tdt
262,崇贤一小沿山校区,浙江省杭州市临平区崇贤镇梅子湾村正南方向97米,120.18875,30.40508,余杭区,小学,tdt
263,良渚街道谢村小学,浙江省杭州市余杭区浙江省杭州市余杭区,120.125253,30.346661,余杭区,小学,tdt
264,杭州市余杭区实验小学,浙江省杭州市临平区广和街57号,120.302034,30.417971,余杭区,小学,tdt
265,余杭区仁和镇双陈小学,浙江省杭州市余杭区陈家坝,120.09696,30.39902,余杭区,小学,tdt
266,杭州市余杭区良山学校沈家塘校区,浙江省杭州市余杭区浙江省杭州市余杭区,120.087357,30.362748,余杭区,小学,tdt
267,塘南中心小学泉漳校区,浙江省杭州市临平区钱江开发区星河路635/637号正东方向79米,120.24211,30.48354,余杭区,小学,tdt
268,冯金小学,浙江省杭州市临平区乔司镇朝阳村5组90号,120.264634,30.338869,余杭区,小学,tdt
269,余杭区凤凰小学城东校区,浙江省杭州市余杭区城南路42正北方向190米,119.95,30.26084,余杭区,小学,tdt
270,余杭临平街道红联小学(老校区),浙江省杭州市临平区浙江省杭州市余杭区,120.300587,30.389884,余杭区,小学,tdt
271,杭州市余杭区塘栖镇宏畔中心小学(卫家埭校区),浙江省杭州市临平区宏畔村100号,120.173403,30.44845,余杭区,小学,tdt
272,东塘小学三白潭校区,浙江省杭州市余杭区浙江省杭州市余杭区,120.123058,30.458988,余杭区,小学,tdt
273,良渚第一小学,浙江省杭州市余杭区良渚东方西路121号,120.04428,30.37917,余杭区,小学,tdt
274,杭州市余杭区良山学校荀山校区,浙江省杭州市余杭区荀山村2组,120.034017,30.383457,余杭区,小学,tdt
275,大禹小学永建校区,浙江省杭州市余杭区浙江省杭州市余杭区,119.92676,30.303,余杭区,小学,tdt
276,良山学校勾庄校区,浙江省杭州市余杭区蒋家塘路28,120.08101,30.35354,余杭区,小学,tdt
277,杭州市余杭区育才实验小学,浙江省杭州市临平区红丰路汤浦庙53号,120.307481,30.43944,余杭区,小学,tdt
278,余杭区鸬鸟镇第二小学,浙江省杭州市余杭区鸬鸟镇太平下泮桥头,119.74575,30.42959,余杭区,小学,tdt
279,仓前中心小学吴山校区,浙江省杭州市余杭区浙江省杭州市余杭区,119.97466,30.318644,余杭区,小学,tdt
280,超山中心小学,浙江省杭州市临平区塘栖镇,120.214866,30.44591,余杭区,小学,tdt
281,长松小学,浙江省杭州市余杭区仓前镇永乐村,119.95126,30.2868,余杭区,小学,tdt
282,余杭区黄湖镇中心小学,浙江省杭州市余杭区迂前南路13,119.80802,30.44429,余杭区,小学,tdt
283,余杭区余杭镇上湖小学,浙江省杭州市余杭区太平桥2,119.91482,30.27945,余杭区,小学,tdt
284,杭行路小学谢村校区,浙江省杭州市余杭区浙江省杭州市余杭区,120.126292,30.346338,余杭区,小学,tdt
285,良山学校崇贤校区,浙江省杭州市临平区向阳工业区,120.15403,30.37828,余杭区,小学,tdt
286,杭州市余杭区崇贤第一小学,浙江省杭州市临平区崇行路118号如海购物广场崇贤店西北方向180米,120.17316,30.38677,余杭区,小学,tdt
287,仁和镇中心小学永泰校区,浙江省杭州市余杭区浙江省杭州市余杭区,120.08152,30.4838,余杭区,小学,tdt
288,超山柴家坞小学,浙江省杭州市临平区崇超路附近东南方向95米,120.17998,30.42695,余杭区,小学,tdt
289,闲林中心小学里项校区,浙江省杭州市余杭区浙江省杭州市余杭区,119.98811,30.20663,余杭区,小学,tdt
290,杭州市余杭区育才实验小学(新荷校区),浙江省杭州市临平区浙江省杭州市余杭区,120.262266,30.423519,余杭区,小学,tdt
291,崇贤二小友谊校区,浙江省杭州市临平区洪字圩136,120.133334,30.42008,余杭区,小学,tdt
292,杭州市余杭区临平第一小学将军殿校区,浙江省杭州市临平区三曹街2,120.3087,30.40495,余杭区,小学,tdt
293,临平一小将军殿校区,浙江省杭州市临平区将军殿弄29,120.2959,30.42309,余杭区,小学,tdt
294,余杭区双林工农小学,浙江省杭州市临平区工农社区4组,120.30205,30.45456,余杭区,小学,tdt
295,余杭镇第一中学教育集团太炎校区,浙江省杭州市余杭区小东门路49,119.92976,30.28251,余杭区,中学,tdt
296,余杭区余杭街道中心学校,浙江省杭州市余杭区浙江省杭州市余杭区,119.940576,30.275132,余杭区,中学,tdt
297,北京外国语大学附属杭州橄榄树学校,浙江省杭州市临平区永乐街8西北方向179米,120.30032,30.39196,余杭区,中学,tdt
298,杭州余杭东方未来学校,浙江省杭州市余杭区王家塘路28东南方向79米,120.078218,30.347428,余杭区,中学,tdt
299,余杭区育蕾运河校区,浙江省杭州市临平区杭机路7,120.292631,30.460626,余杭区,中学,tdt
300,杭州市余杭区獐山中学,浙江省杭州市余杭区浙江省杭州市余杭区,120.077988,30.457257,余杭区,中学,tdt
301,杭州学军中学,浙江省杭州市余杭区荆余路9西北方向160米,119.96153,30.2491,余杭区,中学,tdt
302,杭州市塘栖中学,浙江省杭州市临平区西小河街353,120.17837,30.47678,余杭区,中学,tdt
303,杭州市余杭嘉院,浙江省杭州市临平区平吴街1,120.31092,30.42219,余杭区,中专,tdt
304,杭州绿康介护职业学校,浙江省杭州市余杭区龙潭路6,119.98294,30.2789,余杭区,中专,tdt
305,杭州汽车高级技校良渚校区,浙江省杭州市余杭区浙江省杭州市余杭区,120.03409,30.38687,余杭区,中专,tdt
306,余杭区塘栖职业学校,浙江省杭州市临平区塘栖路3号,120.201121,30.475203,余杭区,中专,tdt
307,艺修阳整体形象设计学院,浙江省杭州市临平区浙江省杭州市余杭区,120.195158,30.404065,余杭区,中专,tdt
308,杭州现代技工学校,浙江省杭州市余杭区华一路7,119.96891,30.2754,余杭区,中专,tdt
309,杭州赢动电商学院,浙江省杭州市临平区南苑街道火车浜,120.29692,30.38747,余杭区,中专,tdt
310,杭州市余杭区良渚成人文化技术学校,浙江省杭州市余杭区浙江省杭州市余杭区,120.01834,30.35251,余杭区,中专,tdt
311,杭州师范大学仓前新校区,浙江省杭州市余杭区余杭塘路2318号,120.00551,30.29121,余杭区,大专,tdt
312,浙江理工大学科技与艺术学院,浙江省杭州市余杭区浙江省杭州市余杭区,120.018739,30.285774,余杭区,大专,tdt
313,浙江中华文化学院,浙江省杭州市余杭区文一西路1008号,120.00683,30.28179,余杭区,大专,tdt
314,杭州市余杭区行政学校,浙江省杭州市临平区沿山路9号,120.28957,30.4257,余杭区,大专,tdt
315,浙江行政学院,浙江省杭州市余杭区浙江省杭州市余杭区,120.009,30.28283,余杭区,大专,tdt
316,阿里巴巴商学院,浙江省杭州市余杭区余杭塘路2318号杭州师范大学仓前新校区,120.00894,30.29086,余杭区,大专,tdt
317,孩盟国际幼托,余杭区北软路1078号越秀星汇尚城小区2幢24-25号,120.11631977021645,30.343095305348875,余杭区,幼儿园,gd
318,余杭区闲林中心幼儿园方家山园区,余杭区闲林街道联荣路,119.98011868132201,30.21974002275821,余杭区,幼儿园,gd
319,中泰中心幼儿园跳头园区,余杭区210县道南100米,119.89157586304202,30.246411220293222,余杭区,幼儿园,gd
320,因尔美幼教,余杭区金昌路2178号301室(城北美食街汉庭酒店旁),120.1122986984267,30.349024712697073,余杭区,幼儿园,gd
321,橄榄树幼儿园,余杭区闲林街道余杭区留和路绿野春天东区橄榄树,119.99718353530105,30.208074958551727,余杭区,幼儿园,gd
322,黄湖镇中心幼儿园,余杭区清波村,119.80880713571862,30.44202778389405,余杭区,幼儿园,gd
323,红黄蓝亲子园(良渚新城分园),余杭区金昌路2005-204号,120.11959117988619,30.34835513023607,余杭区,幼儿园,gd
324,一米幼儿园,余杭区闲富北路77号庭辉超市对面,119.98087600212992,30.241938337325315,余杭区,幼儿园,gd
325,余杭区良渚七贤幼儿园大陆园区,余杭区良渚街道东西大道,120.01724600487184,30.352593846990498,余杭区,幼儿园,gd
326,五常文福幼儿园西溪水岸园区,余杭区五常街道西溪水岸20幢,120.04479901953269,30.285374394844172,余杭区,幼儿园,gd
327,杭州市余杭区良渚向阳幼儿园颐和园区,余杭区良渚街道良居路,120.0368864560272,30.369205543743895,余杭区,幼儿园,gd
328,小芽芽启蒙幼托园,余杭区文一西路城东路口大华海派风范茗园6-18.19,119.9485429754036,30.271208899455956,余杭区,幼儿园,gd
329,杭州市余杭区闲林东路幼儿园,余杭区闲林街道云睦路,119.99216733532498,30.234031519393817,余杭区,幼儿园,gd
330,杭州芮蕾幼儿园,余杭区仓前街道景兴路666号,119.99995762646671,30.276144412587843,余杭区,幼儿园,gd
331,杭师大附属仓前实验幼儿园连具塘分园,余杭区良上线与瓶仓大道交叉路口往西约200米,119.9645741207384,30.34348845172648,余杭区,幼儿园,gd
332,星巢宝贝成长园,余杭区昆华玉府1期西门17-2号,120.03785751996357,30.369566076021446,余杭区,幼儿园,gd
333,良渚向阳幼儿园,余杭区良渚街道玉鸟路200号,120.04668313941872,30.364692387905734,余杭区,幼儿园,gd
334,格格猫童稚园,余杭区东西大道与荆余路交叉口众安学君里商铺,119.9585504434945,30.250107845687754,余杭区,幼儿园,gd
335,杭州明路蔚蓝幼儿园,余杭区绿城未来PARK 6C、6D、7B,120.01336717439327,30.287352877032532,余杭区,幼儿园,gd
336,瓶窑镇第二幼儿园长命园区,余杭区安溪路西50米,120.00567395661785,30.392864149604073,余杭区,幼儿园,gd
337,仁和第二幼儿园新桥分园,余杭区仁和街道新桥村,120.13491181501828,30.458130671126785,余杭区,幼儿园,gd
338,良渚西塘雅苑幼儿园(南园),余杭区良渚街道莫干山路西塘花苑小区2-1号,120.08312821081026,30.34998848038311,余杭区,幼儿园,gd
339,南湖幼儿园尚(上文山分园),余杭区上和路21号附近,119.97107349561716,30.245480482984746,余杭区,幼儿园,gd
340,余杭区南湖幼儿园(沈家店分园),余杭区余杭街道沈家店西区,119.96494843826167,30.234135366614293,余杭区,幼儿园,gd
341,仁和第一幼儿园高新园区,余杭区桂丰路附近,120.1094793124562,30.42173043626599,余杭区,幼儿园,gd
342,中泰中心幼儿园(泰峰分园),余杭区泰富路西50米,119.90610782871106,30.207939536015147,余杭区,幼儿园,gd
343,余杭区苕溪幼儿园(上湖园区）,余杭区余杭街道上湖村北门头58号,119.92323562095635,30.279792136881987,余杭区,幼儿园,gd
344,百丈镇中心幼儿园溪口分园,余杭区百丈镇溪口村,119.76660222612516,30.48993128569526,余杭区,幼儿园,gd
345,中泰中心幼儿园车口畈分园,余杭区近郊中泰乡,119.88405822441929,30.210590219549143,余杭区,幼儿园,gd
346,小不点托儿所(新兴路),余杭区新兴路106号,119.96815939483389,30.39483324596505,余杭区,幼儿园,gd
347,花漾美美国际儿童之家,余杭区闲林街道竹海水韵东南口春风里4-7,119.97953041510824,30.239965351777524,余杭区,幼儿园,gd
348,宜荷幼儿园,余杭区联创街奥克斯创智一号7、8、9、10号楼,120.01483637522325,30.28871939082475,余杭区,幼儿园,gd
349,余杭区中泰中心幼儿园罗兰园区,余杭区石横线,119.91490323948288,30.23688128332425,余杭区,幼儿园,gd
350,余杭区苕溪幼儿园上和园区,余杭区余杭街道金成青少年宫西侧,119.96316531911205,30.242486250074162,余杭区,幼儿园,gd
351,五常第二幼儿园（花城园区）,余杭区五常街道西溪花城小区17幢,120.02986274767899,30.25549112208607,余杭区,幼儿园,gd
352,五常第二幼儿园（庭院园区）,余杭区五常街道西溪庭院小区17幢,120.01899075662779,30.233864088733732,余杭区,幼儿园,gd
353,五常第一幼儿园(耦园园区),余杭区五常街道洪园社区耦园小区11-1号,120.03923024493217,30.271132818135673,余杭区,幼儿园,gd
354,余杭区南湖幼儿园尚美园区,余杭区,119.9574550356755,30.24256898943359,余杭区,幼儿园,gd
355,五常第一幼儿园溪水园园区,余杭区五常街道荆长路602号,120.03827768812374,30.28739950613407,余杭区,幼儿园,gd
356,五常第二幼儿园西坝路园区,余杭区五常街道西坝路40号,120.03100252869083,30.25248333857384,余杭区,幼儿园,gd
357,仓前云溪幼儿园(永乐园区),余杭区仓前街道长松街126号,119.95227348938559,30.281840096186365,余杭区,幼儿园,gd
358,杭州市余杭区未来科技城海辰幼儿园,余杭区文良路,119.97934155097587,30.267806593400504,余杭区,幼儿园,gd
359,余杭区勾庄中心幼儿园古墩路园区,余杭区白洋港路266号,120.07453801519365,30.35290449754292,余杭区,幼儿园,gd
360,瓶窑第一幼儿园(塘埠分园),余杭区,119.87412174662792,30.42078642846491,余杭区,幼儿园,gd
361,杭州师范大学附属仓前实验幼儿园(景苑园区),余杭区余杭塘路2520号,119.99061906594338,30.284781783127414,余杭区,幼儿园,gd
362,瓶窑镇南山幼儿园总园,余杭区瓶窑镇上窑街2号,119.96297333774618,30.391314199976737,余杭区,幼儿园,gd
363,余杭区杭运幼儿园金恒德园区,余杭区金恒路运河锦庭南侧约190米,120.1132728628645,30.364967696323422,余杭区,幼儿园,gd
364,余杭区凤栖幼儿园,余杭区余杭区余杭街道城西路（凤凰山公园）,119.93314286443372,30.25625559970438,余杭区,幼儿园,gd
365,闲林白洋畈幼儿园翡翠分园,余杭区高教路中国农业银行(杭州翡翠城支行)西北侧约240米,120.01504437472167,30.24694863298186,余杭区,幼儿园,gd
366,浙江大学幼儿园白马园区,余杭区白马山庄,120.00981982037095,30.220202017070157,余杭区,幼儿园,gd
367,贝初国际早教托育中心,余杭区南北乐章17幢,119.96492080353714,30.374901374564374,余杭区,幼儿园,gd
368,杭师大附属仓前实验幼儿园乾仓园区,余杭区仓前街道乾仓街188号,119.99352187443165,30.293477108781907,余杭区,幼儿园,gd
369,余杭区凤欣幼儿园(凤欣园区),余杭区余杭街道禹航路209-1号,119.94392420933282,30.257791997952292,余杭区,幼儿园,gd
370,杭师大附属仓前实验幼儿园吴山分园,余杭区仓前街道吴山村上寡线,119.97598923995469,30.318704434347836,余杭区,幼儿园,gd
371,余杭安溪幼儿园(洪桐分园),余杭区余斗线,119.92478588050834,30.308064442420534,余杭区,幼儿园,gd
372,科德未来幼儿园,余杭区联创街188号,120.02025978546028,30.291973264386733,余杭区,幼儿园,gd
373,闲林中心幼儿园黄坡岭园区,余杭区闲林街道文卫路32号,119.9780299355434,30.216642174846616,余杭区,幼儿园,gd
374,邻家宝贝・睿智园,余杭区中泰路罗兰小镇2-22号,119.9174713356388,30.240023394352665,余杭区,幼儿园,gd
375,余杭区良渚七贤幼儿园东风园区,余杭区良渚街道七贤山居168号,120.00387294757971,30.353472615702334,余杭区,幼儿园,gd
376,径山镇中心幼儿园,余杭区径山镇求是路,119.87391560629631,30.381186271147804,余杭区,幼儿园,gd
377,南湖幼儿园尚艺分园,余杭区天目山西路与城东路交叉口(新明半岛门口),119.95001173388303,30.248244890740583,余杭区,幼儿园,gd
378,因尔美幼教园,余杭区余杭街道城东路4号,119.94856043365232,30.253256447608138,余杭区,幼儿园,gd
379,余杭区良渚云华幼儿园玉崇园区,余杭区杜文路与康良街交叉路口往北约280米,120.03670644695104,30.373503234633866,余杭区,幼儿园,gd
380,毛墩坝幼儿园蔬菜种植,余杭区红卫路,120.09500100450093,30.43173269764072,余杭区,幼儿园,gd
381,余杭区仁和第三幼儿园木克桥园区,余杭区仁和街道木克桥67号楼木克桥幼儿园,120.0755569907223,30.407816293535646,余杭区,幼儿园,gd
382,蔚澜学校,余杭区高教路,120.02133954714934,30.275977838719967,余杭区,小学,gd
383,余杭市良渚镇石桥小学,余杭区石桥头119,120.0488776085304,30.400558986530974,余杭区,小学,gd
384,仁和中心学校,余杭区,120.08887113448964,30.437413081945525,余杭区,小学,gd
385,未来科技城海辰小学,余杭区仓前街道文良路,119.97990038454566,30.26568018631344,余杭区,小学,gd
386,鸬鸟镇中心小学,余杭区鸬鸟镇雅城村碧山头1-3号,119.77485369229352,30.46892635658814,余杭区,小学,gd
387,良渚第一小学(北秀校区),余杭区康良街(玉城北侧约50米),120.04113424301808,30.37054499572934,余杭区,小学,gd
388,杭州市余杭区良渚沈括小学,余杭区良渚街道良运街399号,120.09516169025025,30.355010783471585,余杭区,小学,gd
389,瓶窑一小教育集团(崇化校区),余杭区瓶窑镇蒿山头,119.96372647635212,30.35968601644874,余杭区,小学,gd
390,良渚第三小学,余杭区安上线附近,120.00842065854397,30.4071779626867,余杭区,小学,gd
391,浙江外国语学院附属云会小学(双陈校区),余杭区仁和大道与二号路交叉路口,120.10016661122869,30.405177392623113,余杭区,小学,gd
392,仓前云溪小学,余杭区仓前街道留泽街398号,119.95016505461324,30.277900939169573,余杭区,小学,gd
393,一诺学校习之堂中小学部,余杭区瓶窑镇羊城路77号吴江大润发四楼一诺学校,119.97362579214104,30.377362854266327,余杭区,小学,gd
394,径山镇潘板中心小学漕桥分校,余杭区毛潘线附近,119.87490385280515,30.36715984079983,余杭区,小学,gd
395,余杭区云会中心小学(章桥校区),余杭区G25长深高速,120.11156281012015,30.40479916085903,余杭区,小学,gd
396,杭州安吉路良渚实验学校,余杭区大陆路附近,120.01428428614885,30.353541383465807,余杭区,中学,gd
397,杭州市城西中学,余杭区闲林东路3号,120.00623512546947,30.230978109110676,余杭区,中学,gd
398,未来科技城海辰中学,余杭区仓前街道水乡北路,119.9774533282893,30.264403273457944,余杭区,中学,gd
399,余杭第一中学,余杭区庄墩路与白洋港路交叉口东南方100米,120.07395903059872,30.35513976050012,余杭区,中学,gd
400,浙江外国语学院附属仁和中学,余杭区仁河大道1-3,120.08454575812479,30.450835022627093,余杭区,中学,gd
401,杭州市余杭区中泰中学(新校区),余杭区中泰街道南湖东路与元宝路交叉口,119.93612781382255,30.240296498792656,余杭区,中学,gd
402,杭州市余杭区良渚第一中学,余杭区良渚街道荀真路1号,120.03368824946128,30.377388193109443,余杭区,中学,gd
403,蒲公英学校,余杭区长命村,120.00053194196352,30.38549815899092,余杭区,中学,gd
404,五常中学,余杭区荆长大道520号,120.03888862576507,30.27430934358351,余杭区,中学,gd
405,杭州师范大学附属实验学校(建设中),余杭区城东路东狮路,119.9500055553963,30.274718581369736,余杭区,中学,gd
406,杭州余杭东方未来学校,余杭区勾庄金家渡北路王家塘路180号,120.07907136115583,30.3485388272605,余杭区,中学,gd
407,浙江交通职业技术学院,余杭区莫干山路1515号,120.0831055537943,30.34595312371898,余杭区,职业技术学校,gd
408,浙江东南外国语职业学校(创意园中心校区),余杭区天目山西路355号,119.96918407903118,30.2399579492975,余杭区,职业技术学校,gd
409,杭州市良渚职业高级中学,余杭区莫干山路2347号,120.04649032353738,30.377941473171298,余杭区,职业技术学校,gd
410,杭州华力维修学校,余杭区丰岭路7号,120.02995263375162,30.24268889765587,余杭区,职业技术学校,gd
411,浙江省机电技师学院(杭州校区),余杭区五常大道181号,120.02030653436951,30.246209395704092,余杭区,职业技术学校,gd
412,杭州市广播电视中等专业学校(东司校区),余杭区老西线与祥大线交叉路口往北约290米,120.06465678241082,30.376917030978685,余杭区,职业技术学校,gd
413,杭州新东方烹饪学校,余杭区富豪路6号,120.00394251586143,30.38019180143422,余杭区,职业技术学校,gd
414,大观山幼儿园,杭州市余杭区华兴路与祥盛线交叉口南50米,119.97473168692487,30.39730918437064,余杭区,幼儿园,
415,一米儿童之家(未来科技城校区),杭州市余杭区贺翠路与永寿街交叉路口往北约100米,120.01509913493597,30.27674671143708,余杭区,幼儿园,
416,勾庄中心幼儿园(肇和分园),杭州市余杭区良渚镇勾庄博园路2号,120.095327499716,30.37940359376209,余杭区,幼儿园,
417,海云幼儿园,杭州市余杭区创景路与业成街交叉路口往东约120米,119.99241813672393,30.286891070646533,余杭区,幼儿园,
418,巴巴幼儿园,杭州市余杭区仓前街道文一西路1218号恒生科技园29号楼巴巴幼儿园,120.00175376211007,30.28020794086964,余杭区,幼儿园,
419,一米儿童之家(翡翠城校区),杭州市余杭区五常大道翡翠城东南区(农业银行对面),120.01708640117073,30.24515874966399,余杭区,幼儿园,
420,仓前海慧幼儿园(科凯园区分园),杭州市余杭区葛巷路,119.98910671838262,30.27039132360619,余杭区,幼儿园,
421,睦村幼儿园,杭州市余杭区上和线与王家畈路交叉路口往西北约60米,119.99558871808192,30.25577332640965,余杭区,幼儿园,
422,童年的秘密.儿童之家(蒙特梭利),浙江省杭州市余杭区古墩路与疏港公路交叉口起梦科创园A2号楼二楼205号,120.05047756213082,30.36035429704574,余杭区,幼儿园,
423,余杭区径山镇长乐中心小学,杭州市余杭区径山镇长生路31号,119.84605657139143,30.336647153924112,余杭区,小学,
424,仓前小学路口,杭州市余杭区良睦路仓溢东苑东北侧约200米,120.00058233630892,30.29060845518116,余杭区,小学,
425,方家桥小学,杭州市余杭区方远路,120.01210729714207,30.267084138756903,余杭区,小学,
426,瓶窑镇中心学校,杭州市余杭区教学路余杭区瓶窑镇第一小学,119.96669154384561,30.395101354059715,余杭区,小学,
427,溪塔完小,杭州市余杭区宋家村35号,119.93909290598889,30.287333914116573,余杭区,小学,
428,西艺教育小K汇学,杭州市余杭区天目山西路东海闲湖城,119.98745947143176,30.233801721293094,余杭区,小学,
429,宗塘幼儿园,浙江省金华市义乌市宗塘二区88幢,120.10249,29.30155,义乌市,幼儿园,tdt
430,何宅幼儿园,浙江省金华市义乌市浙江省金华市义乌市,120.09443,29.31084,义乌市,幼儿园,tdt
431,金摇篮幼儿园,浙江省金华市义乌市下宅村正南方向58米,119.87097,29.280762,义乌市,幼儿园,tdt
432,廿三里街道廿三里幼儿园,浙江省金华市义乌市中间街26号,120.16837,29.33028,义乌市,幼儿园,tdt
433,七彩山口幼儿园,浙江省金华市义乌市山口小区82幢,120.10859,29.29686,义乌市,幼儿园,tdt
434,赤岸幼儿园,浙江省金华市义乌市双峰路56西南方向137米,120.06152,29.13137,义乌市,幼儿园,tdt
435,佛堂张宅幼儿园,浙江省金华市义乌市张一村,119.978392,29.20859,义乌市,幼儿园,tdt
436,丽君幼儿园,浙江省金华市义乌市黄山三村,119.91063,29.33909,义乌市,幼儿园,tdt
437,义亭镇二幼,浙江省金华市义乌市浙江省金华市义乌市,119.94359,29.2331,义乌市,幼儿园,tdt
438,世纪阳光幼儿园,浙江省金华市义乌市塔下洲B区5幢,120.04763,29.26673,义乌市,幼儿园,tdt
439,后宅街道新华新苗幼儿园,浙江省金华市义乌市浙江省金华市义乌市,120.046,29.41073,义乌市,幼儿园,tdt
440,小太阳幼儿园,浙江省金华市义乌市江东街道九联综合市场7幢,120.053707,29.270086,义乌市,幼儿园,tdt
441,心声幼儿园,浙江省金华市义乌市大士路39号,120.03712,29.19442,义乌市,幼儿园,tdt
442,寺口蒋幼儿园,浙江省金华市义乌市上溪镇寺口蒋村委会,119.91665,29.24045,义乌市,幼儿园,tdt
443,安安幼儿园,浙江省金华市义乌市后申塘二区14幢,120.0196,29.283115,义乌市,幼儿园,tdt
444,梅湖国际幼儿园,浙江省金华市义乌市义乌市梅湖体育中心体育馆,120.1034,29.31581,义乌市,幼儿园,tdt
445,启龙幼儿园,浙江省金华市义乌市兴工路11号,120.04645,29.30945,义乌市,幼儿园,tdt
446,王江幼儿园,浙江省金华市义乌市佛堂镇后力山新村1号西南方向67米,119.99761,29.20469,义乌市,幼儿园,tdt
447,嘟嘟熊幼儿园,浙江省金华市义乌市涌金大道B23号,120.10242,29.36571,义乌市,幼儿园,tdt
448,苏溪镇第二幼儿园,浙江省金华市义乌市苏溪大道聚客隆超市旁,120.12716,29.40698,义乌市,幼儿园,tdt
449,七彩幼儿园,浙江省金华市义乌市柳青十区32幢,120.03733,29.3481,义乌市,幼儿园,tdt
450,佛堂毛陈幼儿园,浙江省金华市义乌市佛堂镇毛陈村四组223号,120.0014,29.1934,义乌市,幼儿园,tdt
451,中天幼儿园,浙江省金华市义乌市何界北站四区,120.03695,29.36967,义乌市,幼儿园,tdt
452,义乌时光民族幼儿园,浙江省金华市义乌市凤凰山小区51幢,120.06163,29.29551,义乌市,幼儿园,tdt
453,哆来咪幼儿园,浙江省金华市义乌市金家新村16幢东北方向96米,119.93883,29.28788,义乌市,幼儿园,tdt
454,马畈幼儿园,浙江省金华市义乌市浙江省金华市义乌市,120.130614,29.46769,义乌市,幼儿园,tdt
455,荷店塘幼儿园,浙江省金华市义乌市矿机一路4号楼(金都网吧隔壁),119.9727,29.24638,义乌市,幼儿园,tdt
456,江东镇横店幼儿园,浙江省金华市义乌市人民街139号西南方向173米,119.96605,29.21234,义乌市,幼儿园,tdt
457,佛堂王宅幼儿园,浙江省金华市义乌市浙江省金华市义乌市,119.98919,29.20736,义乌市,幼儿园,tdt
458,贝贝幼儿园,浙江省金华市义乌市友谊路2-1正南方向27米,119.9299,29.28262,义乌市,幼儿园,tdt
459,官塘下幼儿园,浙江省金华市义乌市稠江街道官塘下下店村6号,120.0174,29.2721,义乌市,幼儿园,tdt
460,佛堂镇起鸣幼儿园,浙江省金华市义乌市山脚下,120.026581,29.232331,义乌市,幼儿园,tdt
461,畅想托儿所,浙江省金华市义乌市望道路110号,120.0488,29.3122,义乌市,幼儿园,tdt
462,晨润幼儿园,浙江省金华市义乌市黎明湖路327,120.05842,29.27135,义乌市,幼儿园,tdt
463,义乌市稠城小螺号幼儿园,浙江省金华市义乌市稠江路4巷1号,120.08396,29.30989,义乌市,幼儿园,tdt
464,何泮山幼儿园,浙江省金华市义乌市何泮山村稠义路旁,119.99232,29.29035,义乌市,幼儿园,tdt
465,西谷幼儿园,浙江省金华市义乌市西谷村37栋1单元,120.13208,29.304,义乌市,幼儿园,tdt
466,永晟幼儿园,浙江省金华市义乌市馨苑南区40幢,119.93793,29.28749,义乌市,幼儿园,tdt
467,小状元幼儿园,浙江省金华市义乌市浙江省金华市义乌市,120.142126,29.295725,义乌市,幼儿园,tdt
468,来英幼儿园,浙江省金华市义乌市浙江省金华市义乌市,119.92213,29.28825,义乌市,幼儿园,tdt
469,小机灵幼儿园,浙江省金华市义乌市人民路100号,120.12362,29.41,义乌市,幼儿园,tdt
470,稠江街道江湾幼儿园,浙江省金华市义乌市江湾镇前南街48号东北方向172米,120.021479,29.25488,义乌市,幼儿园,tdt
471,新一代幼儿园,浙江省金华市义乌市民主西巷12弄5号,120.066343,29.301137,义乌市,幼儿园,tdt
472,贝知幼儿园,浙江省金华市义乌市下朱C区1幢东北方向67米,120.1188,29.32046,义乌市,幼儿园,tdt
473,小星星幼儿园,浙江省金华市义乌市柔川中路21,119.95524,29.15994,义乌市,幼儿园,tdt
474,大拇指幼儿园,浙江省金华市义乌市井头山42号,120.02923,29.26039,义乌市,幼儿园,tdt
475,春晗幼儿园,浙江省金华市义乌市吴张线昊晗故居西,119.9204,29.25808,义乌市,幼儿园,tdt
476,义乌市启东小学蓝天校区,浙江省金华市义乌市浙江省金华市义乌市,119.98758,29.29904,义乌市,小学,tdt
477,阳光学校,浙江省金华市义乌市信达路58,119.9242,29.2701,义乌市,小学,tdt
478,义乌市育英小学,浙江省金华市义乌市东山路8号正东方向64米,120.13393,29.32145,义乌市,小学,tdt
479,松门山小学,浙江省金华市义乌市松门山东区24幢,120.04582,29.29715,义乌市,小学,tdt
480,义乌市上溪镇上溪小学,浙江省金华市义乌市文明中路80,119.92714,29.28295,义乌市,小学,tdt
481,成杰小学,浙江省金华市义乌市上傅村委会,120.046845,29.191061,义乌市,小学,tdt
482,义亭小学(重阳校区),浙江省金华市义乌市义亭镇直街35号正南方向78米,119.95931,29.23635,义乌市,小学,tdt
483,义乌市皖松小学,浙江省金华市义乌市浙江省金华市义乌市,120.1223,29.329362,义乌市,小学,tdt
484,义乌市启东小学星光校区,浙江省金华市义乌市浙江省金华市义乌市,120.122587,29.441582,义乌市,小学,tdt
485,义乌市东方学校,浙江省金华市义乌市浙江省金华市义乌市,120.03553,29.30168,义乌市,小学,tdt
486,王店小学,浙江省金华市义乌市王店村1,120.18345,29.34091,义乌市,小学,tdt
487,义乌市启东小学,浙江省金华市义乌市宗宅村616,120.11165,29.35682,义乌市,小学,tdt
488,义乌市苏溪镇中心学校,浙江省金华市义乌市兴苏路1正东方向152米,120.12395,29.41653,义乌市,小学,tdt
489,义乌市廿三里第一小学,浙江省金华市义乌市镇南路1号,120.16968,29.32648,义乌市,小学,tdt
490,义乌市上溪镇祥贝小学,浙江省金华市义乌市祥贝村1,119.93742,29.26766,义乌市,小学,tdt
491,义乌市李塘小学民友校区,浙江省金华市义乌市华劲路78东北方向53米,120.05241,29.36409,义乌市,小学,tdt
492,义乌市民友学校,浙江省金华市义乌市后宅街道寺前村西南方向12米,120.08014,29.3792,义乌市,小学,tdt
493,青岩傅小学,浙江省金华市义乌市浙江省金华市义乌市,120.08311,29.26775,义乌市,小学,tdt
494,佛堂镇王宅小学,浙江省金华市义乌市王宅村,120.002172,29.216723,义乌市,小学,tdt
495,义乌市李塘小学博文校区,浙江省金华市义乌市经发大道201号,120.05702,29.28952,义乌市,小学,tdt
496,义乌市大陈镇春林学校,浙江省金华市义乌市浙江省金华市义乌市,120.12257,29.45947,义乌市,小学,tdt
497,义乌市欣欣小学,浙江省金华市义乌市黎明石鱼路38号西北方向101米,120.04323,29.29369,义乌市,小学,tdt
498,义乌市稠州中学教育集团丹溪校区,浙江省金华市义乌市江东南路433,120.05989,29.283859,义乌市,中学,tdt
499,义乌市稠江中学,浙江省金华市义乌市文昌路22,120.0419,29.29201,义乌市,中学,tdt
500,义乌市第三中学,浙江省金华市义乌市西城路166号,120.069099,29.328516,义乌市,中学,tdt
501,义乌新世纪外国语学校,浙江省金华市义乌市宗泽北路正北方向109米,120.07586,29.33234,义乌市,中学,tdt
502,浙江商业职业技术学院教学站,浙江省金华市义乌市枫华路1号正南方向171米,120.0403,29.30087,义乌市,中专,tdt
503,淘宝商学院,浙江省金华市义乌市涌金大道7号正东方向20米,120.09972,29.3665,义乌市,大专,tdt
504,义乌市行政学院,浙江省金华市义乌市黎明湖路999号,120.07261,29.26839,义乌市,大专,tdt
505,焦点电商学院,浙江省金华市义乌市香山路468号3楼,120.05788,29.29373,义乌市,大专,tdt
506,浙江省机电技师学院,浙江省金华市义乌市城北路60号,120.07862,29.33587,义乌市,大专,tdt
507,乐民幼儿园,义乌市北苑街道杨街小区158幢1号,120.04041053822007,29.35388149515449,义乌市,幼儿园,gd
508,柳青幼儿园,义乌市丹溪北路与柳青路交汇处南路东,120.04261317206335,29.346585821061158,义乌市,幼儿园,gd
509,飞翔幼儿园,义乌市下金村83号,120.0010593262962,29.248692130028672,义乌市,幼儿园,gd
510,义乌市赤岸镇朱店幼儿园,义乌市义武公路(尚阳小学东南侧约150米),119.96462033186036,29.0970826535873,义乌市,幼儿园,gd
511,竞争幼儿园,义乌市佛堂镇田心一村108号,120.01908853929768,29.180454858501452,义乌市,幼儿园,gd
512,红黄蓝亲子园,义乌市商城大道拨浪鼓花园10幢一单元,120.16025584827649,29.33765108358989,义乌市,幼儿园,gd
513,上胡幼儿园,义乌市上胡村386,119.94248472783656,29.19748255409799,义乌市,幼儿园,gd
514,佛堂镇合作幼儿园,义乌市江东路合作小学南侧,120.02571711416086,29.22888091467217,义乌市,幼儿园,gd
515,团结幼儿园(大陈大道),义乌市大陈镇团结别墅区第四排,120.10715411905441,29.45902224276862,义乌市,幼儿园,gd
516,红黄蓝亲子园(义乌店),义乌市北门街316号二楼,120.07037001127625,29.314102389382075,义乌市,幼儿园,gd
517,红苗幼儿园,义乌市福田街道下骆宅紫金一区C25栋(阳光大道边上),120.13903768712115,29.335286953360924,义乌市,幼儿园,gd
518,新新中心幼儿园,义乌市苏溪镇联合村,120.14593125580426,29.43815931811922,义乌市,幼儿园,gd
519,盐光亲子园,义乌市龚大塘三区43栋1楼,120.08175203703132,29.28995218263444,义乌市,幼儿园,gd
520,义乌市福田哈尼宝贝幼儿园,义乌市福田街道宗宅三区44幢,120.11345842511993,29.359147468464364,义乌市,幼儿园,gd
521,义乌市惠思顿幼儿园,义乌市宗泽北路莲塘四区88号,120.05937345594263,29.34405848951468,义乌市,幼儿园,gd
522,太阳城幼儿园,义乌市江东东路与商博路交叉口西北方向100米,120.11574561979275,29.31696360917195,义乌市,幼儿园,gd
523,义乌市万厦御园幼儿园,义乌市江东东路和东苑路交叉口,120.13026282740717,29.32219348326085,义乌市,幼儿园,gd
524,义乌市胜利幼儿园,义乌市香山路190号,120.06009593714403,29.304630674801235,义乌市,幼儿园,gd
525,爱伦宝群星外国语幼儿园,义乌市西城路242附近,120.06279574504427,29.32367982179697,义乌市,幼儿园,gd
526,阳光幼儿园(稠州北路店),义乌市宗宅B区31栋,120.10858619041824,29.35993537050064,义乌市,幼儿园,gd
527,义乌市佛堂镇小星星幼儿园,义乌市佛堂镇小吴溪33幢,120.01498414598818,29.197639797760505,义乌市,幼儿园,gd
528,东方之辰幼儿园,义乌市经发大道黎明村稠明路32号(文化大礼堂对面),120.04355871624036,29.295432776039295,义乌市,幼儿园,gd
529,义乌市时代花园优幼幼稚园,义乌市时代花园丹溪3区1栋,120.05469370585256,29.322664499491612,义乌市,幼儿园,gd
530,艾蒙托幼中心,义乌市通惠门路11号附近,120.07067100604,29.312199264766484,义乌市,幼儿园,gd
531,万嘉幼儿园,义乌市义亭镇陈家新村118号,119.95675897037836,29.236034847449638,义乌市,幼儿园,gd
532,青苗幼儿园,义乌市青口南区41栋,120.12621099317978,29.3103535071967,义乌市,幼儿园,gd
533,ABC早教园,义乌市稠江街道杨三村25幢,120.03509394575977,29.29083733453689,义乌市,幼儿园,gd
534,香山幼儿园・王阡分园幼儿园,义乌市义亭镇王阡一村605号,119.94109602961387,29.238392791756823,义乌市,幼儿园,gd
535,古塘幼儿园,义乌市佛堂镇古塘村,120.03587297608982,29.2223608011254,义乌市,幼儿园,gd
536,冯氏・汇思顿,义乌市稠城街道工人北路991号,120.09750480676409,29.33842439644579,义乌市,幼儿园,gd
537,心连心幼儿园(银海路),义乌市九如堂村16号,120.1296737853773,29.343281356283363,义乌市,幼儿园,gd
538,义乌市沃德幼儿园,义乌市江东街道孔村1号,120.06655304072895,29.27038100413125,义乌市,幼儿园,gd
539,上楼宅幼儿园,义乌市上溪镇玩具基地,119.92002487594303,29.268652285728606,义乌市,幼儿园,gd
540,义乌市黄杨梅幼儿园,义乌市凯吉路198号,120.03895711520975,29.306653139136305,义乌市,幼儿园,gd
541,义乌市后宅方塘幼儿园,义乌市后宅街道方塘行政村塘下自然村,120.01022457931825,29.36354748599346,义乌市,幼儿园,gd
542,义乌市后宅金鹤幼儿园,义乌市后宅街道金鹤行政村鹤田自然村,120.0583275709561,29.417242581145608,义乌市,幼儿园,gd
543,义乌市香山幼儿园,义乌市城西街道东河学生南路8号,119.9823456198182,29.310998381919873,义乌市,幼儿园,gd
544,义乌中未之心幼儿园,义乌市稠江街道新屋二区63栋,120.02741351190714,29.275446129284248,义乌市,幼儿园,gd
545,义乌市樊村里幼儿园,义乌市义东路,120.08894899989947,29.296764434247187,义乌市,幼儿园,gd
546,义乌市机关实验幼儿园(青口园区),义乌市青口路义乌市青口小学南侧约210米,120.12405097000055,29.31738061374341,义乌市,幼儿园,gd
547,义乌市廿三里第二幼儿园,义乌市廿三里街道武梅一街通宝路999号,120.176909011123,29.32657433816699,义乌市,幼儿园,gd
548,红黄蓝亲子园(佛堂店),义乌市佛堂大道(宝龙・佛堂城市广场),120.01488870443895,29.193651085537585,义乌市,幼儿园,gd
549,蓝天之星幼儿园,义乌市后溪路26号,120.1719574407569,29.33756901043518,义乌市,幼儿园,gd
550,家家幼教路北幼儿园,义乌市幸福路与畈吴线交叉路口往南约70米,119.91668319985514,29.225604571359032,义乌市,幼儿园,gd
551,义乌市职教集团附属幼儿园,义乌市,120.0522871667784,29.380281672584612,义乌市,幼儿园,gd
552,星舟幼儿园,义乌市后宅街道寺前村(幸福湖路461号),120.0788280025458,29.377013295727977,义乌市,幼儿园,gd
553,福田街道第二幼儿园,义乌市福田街道草塘沿路567号,120.12271941331505,29.35278885218896,义乌市,幼儿园,gd
554,新港幼儿园,义乌市城西街道新港村新港小区58幢,119.96800772020381,29.281005364821866,义乌市,幼儿园,gd
555,上溪镇第二幼儿园,义乌市,119.93948839669105,29.280137067585354,义乌市,幼儿园,gd
556,佛堂镇田心幼儿园,义乌市佛堂镇田心三村村民委员会正对面,120.0179185873103,29.177665377005066,义乌市,幼儿园,gd
557,义乌市后宅中心幼儿园,义乌市起航路99号起,120.04802468784523,29.364931550772923,义乌市,幼儿园,gd
558,义乌市森林实验幼儿园（金村园）,义乌市稠江街道上金村,120.00108463181593,29.256484510868745,义乌市,幼儿园,gd
559,和一幼儿园,义乌市南山路(久府和园),120.10908337094706,29.305211391701086,义乌市,幼儿园,gd
560,义乌市苏溪木城中心幼儿园,义乌市苏溪镇木城村1号楼,120.15254388353988,29.38443793471846,义乌市,幼儿园,gd
561,义乌市博凯国际幼儿园,义乌市江东街道东新屋9幢,120.13431919834281,29.31002164233031,义乌市,幼儿园,gd
562,义乌市四季幼儿园,义乌市春华路155号后门,120.043215192451,29.32129548205977,义乌市,幼儿园,gd
563,官塘幼儿园,义乌市稠江街道象山村,120.00173857602057,29.273472622738776,义乌市,幼儿园,gd
564,后宅中心幼儿园塘李分园,义乌市G60(杭金衢高速),120.0212325661459,29.375473122453943,义乌市,幼儿园,gd
565,义乌市鸡鸣山幼儿园,义乌市宾王路江东四区中央公园,120.09920311533992,29.30398870615948,义乌市,幼儿园,gd
566,香山幼儿园・金麟分园,义乌市廿三里镇金麟花园金麟南路322号,120.15396408706337,29.333011698070436,义乌市,幼儿园,gd
567,苏溪镇中心幼儿园巧溪分园,义乌市溪北村邢里线,120.15837582399581,29.418277350017267,义乌市,幼儿园,gd
568,艾伦幼儿园,义乌市城北路与洪深路交叉路口西北侧(城北商业中心西南侧),120.0587848370441,29.359321100655265,义乌市,幼儿园,gd
569,倍磊幼儿园,义乌市倍磊学校内,119.9793582012576,29.16876627772108,义乌市,幼儿园,gd
570,义乌市香溪幼儿园,义乌市香溪路香溪裕园西南侧约80米,119.99704445451836,29.313117117548238,义乌市,幼儿园,gd
571,义乌市福田街道兴港幼儿园,义乌市商城大道(兴港小区西侧约50米),120.08358921690117,29.338034418536658,义乌市,幼儿园,gd
572,木桥幼儿园,义乌市佛低线,119.93807372706353,29.180077214854155,义乌市,幼儿园,gd
573,蓝天白云幼儿园,义乌市黄杨梅1区99栋,120.04556703723313,29.311180772421977,义乌市,幼儿园,gd
574,一朵小自然幼儿园,义乌市城中北路280巷-9号,120.08238127485849,29.323856286678833,义乌市,幼儿园,gd
575,画水中心幼儿园,义乌市贝村路万达广场(义乌店)西侧约260米,120.03487528317912,29.27986038162999,义乌市,幼儿园,gd
576,运动宝贝国际早教中心,义乌市金福源商厦B区二楼240号运动宝贝,120.09449756446638,29.326054568203833,义乌市,幼儿园,gd
577,新爱婴,义乌市福田街道诚信一区65幢,120.10908355449554,29.3516496609958,义乌市,幼儿园,gd
578,家家幼教・张宅幼儿园(装修中),义乌市佛堂镇张宅一村9号,119.97482051720546,29.20927337348783,义乌市,幼儿园,gd
579,义乌市福田街道银海幼儿园(建设中),义乌市银海路,120.09605011385293,29.345016360764006,义乌市,幼儿园,gd
580,义乌市廿三里第二小学,义乌市廿三里街道银海路1325号,120.16876855180847,29.342691778059745,义乌市,小学,gd
581,义乌市实验小学教育集团(江南校区),义乌市江东南路1号,120.07393456923478,29.287527976692473,义乌市,小学,gd
582,义乌市官塘小学,义乌市昌盛路189号,120.00162904318199,29.271180546446942,义乌市,小学,gd
583,曙光小学,义乌市通宝路165号附近,120.13658414215398,29.31637259066954,义乌市,小学,gd
584,剡溪小学,义乌市佛堂镇剡溪村256号,120.0413619539279,29.18081056321043,义乌市,小学,gd
585,毛陈小学,义乌市佛堂镇毛陈村,120.00169930900006,29.191314441829046,义乌市,小学,gd
586,大畈小学,义乌市003乡道附近,120.25955671252761,29.489603390519576,义乌市,小学,gd
587,杨街学校,义乌市北苑街道机场路889号,120.04241586311538,29.354595336159623,义乌市,小学,gd
588,义乌市绣湖小学教育集团(春华校区),义乌市春华街266号,120.04390269624469,29.325078467726176,义乌市,小学,gd
589,丹晨小学,义乌市丹晨一路16号,120.04265607455645,29.334659207758534,义乌市,小学,gd
590,新联学校小学部,义乌市昌德社区城店南路768号,120.03183353047585,29.280264969478026,义乌市,小学,gd
591,义乌市稠州小学,义乌市江滨北路55号,120.08299663840052,29.30785730694766,义乌市,小学,gd
592,宾王小学教育集团秦塘小学,义乌市江滨北路191号,120.08678104148993,29.311608572950735,义乌市,小学,gd
593,义乌市柳青小学教育集团柳青校区金绣路教学点,义乌市金秀路复兴后陈11号,120.05145999086756,29.31129622124007,义乌市,小学,gd
594,溪后小学,义乌市大陈镇,120.14178213299228,29.46444958934347,义乌市,小学,gd
595,何里小学,义乌市东黄线东50米,119.94965896941115,29.340660317115436,义乌市,小学,gd
596,佛堂镇状元里小学,义乌市奕君箱包产业园西南侧,120.0358629803286,29.173435619399,义乌市,小学,gd
597,义乌市西城小学,义乌市西站大道879号,119.97364229141763,29.30781515033757,义乌市,小学,gd
598,松门山学校(西校区),义乌市江滨西路547号,120.04419545776156,29.297480950677578,义乌市,小学,gd
599,上溪小学云门校区,义乌市上溪镇文明路59号,119.92600450250083,29.28276383568116,义乌市,小学,gd
600,义乌市后宅中学,义乌市后宅街道鸿儒路11号,120.0532220344111,29.378585829628776,义乌市,中学,gd
601,浙江省义乌中学,义乌市南门街888号,120.07801690630983,29.270261788592087,义乌市,中学,gd
602,义乌市宾王中学,义乌市宗泽路211号,120.08970892225108,29.32584101223484,义乌市,中学,gd
603,义乌市上溪中学,义乌市上溪镇兴华路68号,119.93672827778019,29.276814783001008,义乌市,中学,gd
604,大成中学,义乌市大成路233号,120.01704283286895,29.200902314580762,义乌市,中学,gd
605,义乌市荷叶塘初级中学,义乌市稠城街道下西陶一区136号,120.11822171210162,29.380261337455906,义乌市,中学,gd
606,春晗学校,义乌市百安街,119.94305542556522,29.28102527884015,义乌市,中学,gd
607,商城学校,义乌市环城北路附近,120.05629908876796,29.366738046911095,义乌市,中学,gd
608,树人中学,义乌市义亭镇,119.94684440498335,29.234005404448613,义乌市,中学,gd
609,新联学校,义乌市,120.03092033895092,29.281850288995578,义乌市,中学,gd
610,义乌复旦实验学校,义乌市振兴西路180号,120.12009927769424,29.329843797434236,义乌市,中学,gd
611,义乌市星光实验学校,义乌市江东南路812号,120.05034818801958,29.267386275155925,义乌市,中学,gd
612,义乌鸿志学校,义乌市佛堂镇义南工业区大士路2号,120.02264269931023,29.1979724293082,义乌市,中学,gd
613,义乌市国际商贸学校,义乌市城北路J180号,120.06185599551459,29.355590252000656,义乌市,职业技术学校,gd
614,浙江省义乌市城镇职业技术学校,义乌市稠城街道经发大道330号,120.03878587317634,29.301346083606433,义乌市,职业技术学校,gd
615,崇古职业技能培训学校,义乌市义乌市杨一村高楼8号楼,120.03384604808835,29.296137947887495,义乌市,职业技术学校,gd
616,义乌搜才职业技能培训学校,义乌市义乌人力资源产业园7楼711F-713F,120.02594871408313,29.301042752281617,义乌市,职业技术学校,gd
617,义乌市交通职业培训学校,义乌市北苑街道西城路470号,120.0528510397324,29.311598260261093,义乌市,职业技术学校,gd
618,义乌市福田街道成人文化技术学校,义乌市城中北路600号附近,120.09275644521948,29.33841705637227,义乌市,职业技术学校,gd
619,浙江省机电技师学院(电子商务学院),义乌市上溪镇模具城四通路300号,119.94642676024793,29.28677604814061,义乌市,职业技术学校,gd
620,金城高尔夫幼儿园,浙江省金华市义乌市金城高尔夫二期20栋,120.06462681838632,29.359969251829888,义乌市,幼儿园,
621,陇头朱幼儿园,浙江省金华市义乌市义亭镇下新屋东黄线陇头朱幼儿园,119.93245731233243,29.19313937329332,义乌市,幼儿园,
622,义乌市紫荆幼儿园,浙江省金华市义乌市商城大道与黄宁路交叉口西200处,120.06065108593717,29.37904030571908,义乌市,幼儿园,
623,泉塘幼儿园,金华市义乌市疏港高速,120.18629532029661,29.3592644371141,义乌市,幼儿园,
624,义乌市李塘小学,浙江省金华市义乌市稠下线,120.18414047352044,29.36727253740296,义乌市,小学,
625,义乌市静远小学,金华市义乌市何宅标准厂房11栋,120.18061490625682,29.314516330839197,义乌市,小学,
626,开元小学,金华市义乌市开元北街龙潭路17号诚信石材,120.16306716578019,29.343851277733947,义乌市,小学,
627,MAS小学,金华市义乌市四季路与望道路交叉路口往东约180米,120.04921316719178,29.317127091684032,义乌市,小学,
628,下西陶小学,浙江省金华市义乌市下西陶小学(龙岗路东),120.11593227105051,29.375713683317162,义乌市,小学,
629,义乌市实验小学,浙江省金华市义乌市江东南路1号,120.07312213112718,29.288419924397964,义乌市,小学,
630,三里小学,浙江省金华市义乌市银海路1328号2楼,120.16820954556997,29.340326284551214,义乌市,小学,
631,昆溪小学,金华市义乌市稠州北路新光国际,120.10328967027321,29.34376908371547,义乌市,小学,
632,朝阳小学,金华市义乌市东江路19号,120.07943805060677,29.304389398148967,义乌市,小学,
633,义乌市大陈镇团结小学,浙江省金华市义乌市大陈镇团结小学(大陈大道南),120.10601324181847,29.458605971293625,义乌市,小学,
634,东前王村街西片100号,金华市义乌市商博路与商城大道交叉路口往东南约190米,120.11533281457841,29.33063545393229,义乌市,小学,
635,贾伯塘村前山片52号,浙江省金华市义乌市贾伯塘村厅前片52号楼(义乌模具城西),119.94341177200918,29.28385643736509,义乌市,小学,
636,大神生涯研习社,金华市义乌市车站路老车站・1970文创园,120.07557809735628,29.320671833273895,义乌市,小学,
637,义乌市丹溪中学,浙江省金华市义乌市江东南路433号,120.06031376550388,29.281995125533964,义乌市,中学,
638,浙江义乌外国语学校,浙江省金华市义乌市稠城街道西城路412号,120.05551706553035,29.31488841676907,义乌市,中学,
639,义乌新世纪外国语学校,浙江省金华市义乌市西城北路1号,120.0754166092395,29.335211011330703,义乌市,中学,
640,浙江义乌苏溪中学,金华市义乌市苏溪镇学生路70号,120.1212265088411,29.41599009790019,义乌市,中学,
641,义乌鸿志实验学校,浙江省金华市义乌市大士路2号,120.02154209170423,29.19858127467351,义乌市,中学,
642,夏演中学,金华市义乌市学生路十号,119.96092819604542,29.30044675955588,义乌市,中学,
643,义乌市正阳实验学校,金华市义乌市苏溪镇正阳街36号(新院村),120.1347539035989,29.420382192245572,义乌市,中学,
644,义乌市创新职业技术学校,金华市义乌市车站路13号,120.07217555005141,29.317107537333552,义乌市,中学,
645,义乌市城镇职业技术学校(江南分校),金华市义乌市佛堂大道,120.0395186554658,29.229746683171083,义乌市,中学,
646,星链职校,浙江省金华市义乌市稠州北路1133号,120.10001262659205,29.33865387235151,义乌市,中学,
647,禹越镇徐家庄中心幼儿园西港教学点,浙江省湖州市德清县育才路12,120.25981,30.52058,德清县,幼儿园,tdt
648,杨墩幼儿园,浙江省湖州市德清县浙江省湖州市德清县,120.12848,30.48665,德清县,幼儿园,tdt
649,和平幼儿园,浙江省湖州市德清县浙江省湖州市德清县,120.18205,30.5119,德清县,幼儿园,tdt
650,德清县第二实验幼儿园宋石分园,浙江省湖州市德清县兆丰弄24东南方向137米,119.96164,30.5356,德清县,幼儿园,tdt
651,西庙桥幼儿园,浙江省湖州市德清县浙江省湖州市德清县,120.246356,30.565916,德清县,幼儿园,tdt
652,山民幼儿园,浙江省湖州市德清县浙江省湖州市德清县,119.91294,30.480032,德清县,幼儿园,tdt
653,新市镇梅林中心幼儿园,浙江省湖州市德清县浙江省湖州市德清县,120.256819,30.616365,德清县,幼儿园,tdt
654,德清县机关幼儿园翡翠城园区,浙江省湖州市德清县云岫北路239金盛达・翡翠城,119.97611,30.54613,德清县,幼儿园,tdt
655,莫干山镇中心幼儿园,浙江省湖州市德清县别墅路30,119.89729,30.60387,德清县,幼儿园,tdt
656,德清县勾里中心幼儿园,浙江省湖州市德清县裕丰街203正东方向77米,120.21398,30.53254,德清县,幼儿园,tdt
657,丰桥幼儿园,浙江省湖州市德清县浙江省湖州市德清县,119.95421,30.56038,德清县,幼儿园,tdt
658,新市镇韶村村幼儿园,浙江省湖州市德清县韶村寺角86,120.2299,30.60039,德清县,幼儿园,tdt
659,新联村幼儿园,浙江省湖州市德清县浙江省湖州市德清县,120.18097,30.6712,德清县,幼儿园,tdt
660,杨坟幼儿园,浙江省湖州市德清县浙江省湖州市德清县,120.042156,30.45627,德清县,幼儿园,tdt
661,都市桃源幼儿园,浙江省湖州市德清县武康英溪北路泰源都市桃源小区内,119.9612,30.54616,德清县,幼儿园,tdt
662,宝塔山幼儿园,浙江省湖州市德清县浙江省湖州市德清县,119.99362,30.50823,德清县,幼儿园,tdt
663,禹越镇栖湖村幼儿园,浙江省湖州市德清县浙江省湖州市德清县,120.248914,30.530328,德清县,幼儿园,tdt
664,德清县第一实验幼儿园保利园区,浙江省湖州市德清县浙江省湖州市德清县,120.01314,30.5444,德清县,幼儿园,tdt
665,下柏幼儿园,浙江省湖州市德清县浙江省湖州市德清县,119.993217,30.480451,德清县,幼儿园,tdt
666,北代舍村幼儿园,浙江省湖州市德清县浙江省湖州市德清县,120.21676,30.6371,德清县,幼儿园,tdt
667,三合幼儿园二都教学点,浙江省湖州市德清县二都村下渚湖熊猫园,120.02743,30.5183,德清县,幼儿园,tdt
668,东舍墩幼儿园,浙江省湖州市德清县浙江省湖州市德清县,120.15529,30.64537,德清县,幼儿园,tdt
669,乾元镇第二幼儿园分园,浙江省湖州市德清县直街67西北方向30米,120.08279,30.54917,德清县,幼儿园,tdt
670,三家村幼儿园,浙江省湖州市德清县浙江省湖州市德清县,120.08062,30.61936,德清县,幼儿园,tdt
671,雷甸镇中心幼儿园东港园区,浙江省湖州市德清县浙江省湖州市德清县,120.13225,30.5251,德清县,幼儿园,tdt
672,加元村幼儿园,浙江省湖州市德清县浙江省湖州市德清县,120.23717,30.6201,德清县,幼儿园,tdt
673,雷甸镇第一幼儿园新街园区,浙江省湖州市德清县新大街195正东方向85米,120.13646,30.52065,德清县,幼儿园,tdt
674,筏头中心幼儿园佛堂教学点,浙江省湖州市德清县浙江省湖州市德清县,119.8205,30.57727,德清县,幼儿园,tdt
675,德清县远望幼儿园祥和分园,浙江省湖州市德清县南苹街88旁,119.9569,30.53201,德清县,幼儿园,tdt
676,禹越幼儿园夏东教学点,浙江省湖州市德清县浙江省湖州市德清县,120.26076,30.54627,德清县,幼儿园,tdt
677,莫干山幼儿园成冠教学点,浙江省湖州市德清县莫干山镇四合村横渡34号正东方向48米,119.89588,30.64232,德清县,幼儿园,tdt
678,雷甸镇第一幼儿园通航园区,浙江省湖州市德清县浙江省湖州市德清县,120.13308,30.50412,德清县,幼儿园,tdt
679,三桥中心幼儿园五四村教学点,浙江省湖州市德清县五四村村委会对面西北方向161米,119.92634,30.57596,德清县,幼儿园,tdt
680,德清县秋山幼儿园兴山分园,浙江省湖州市德清县长虹东街212东南方向184米,119.98579,30.55615,德清县,幼儿园,tdt
681,新桥村幼儿园,浙江省湖州市德清县浙江省湖州市德清县,120.16354,30.5671,德清县,幼儿园,tdt
682,德清县中心幼儿园,浙江省湖州市德清县南街116号西南方向69米,120.08,30.54703,德清县,幼儿园,tdt
683,德清县第一实验幼儿园美都御府园区,浙江省湖州市德清县浙江省湖州市德清县,119.99696,30.54282,德清县,幼儿园,tdt
684,德清县三合乡中心幼儿园,浙江省湖州市德清县南舍南路7西北方向33米,120.03238,30.47645,德清县,幼儿园,tdt
685,岭南村幼儿园,浙江省湖州市德清县浙江省湖州市德清县,120.18201,30.52733,德清县,幼儿园,tdt
686,武康镇龙山中心小学,浙江省湖州市德清县浙江省湖州市德清县,120.03687,30.59059,德清县,小学,tdt
687,高桥中心小学,浙江省湖州市德清县浙江省湖州市德清县,120.28342,30.55684,德清县,小学,tdt
688,雷甸小学西点分校,浙江省湖州市德清县浙江省湖州市德清县,120.12102,30.508423,德清县,小学,tdt
689,天皇殿小学,浙江省湖州市德清县浙江省湖州市德清县,120.29884,30.5761,德清县,小学,tdt
690,乾元镇中心小学曲园分部,浙江省湖州市德清县南洋路83,120.085787,30.538009,德清县,小学,tdt
691,二都小学,浙江省湖州市德清县二都村防风古国文化园东北方向187米,120.026302,30.516117,德清县,小学,tdt
692,雷甸小学南点分校,浙江省湖州市德清县雷甸镇大丰村西南方向155米,120.164517,30.492938,德清县,小学,tdt
693,新市完全小学,浙江省湖州市德清县振兴路西南方向130米,120.2733,30.620319,德清县,小学,tdt
694,徐家庄中心小学杨家坝分校,浙江省湖州市德清县浙江省湖州市德清县,120.27435,30.5241,德清县,小学,tdt
695,新市镇中心小学新联分校,浙江省湖州市德清县浙江省湖州市德清县,120.29104,30.6458,德清县,小学,tdt
696,德清县士林中学,浙江省湖州市德清县浙江省湖州市德清县,120.19454,30.58833,德清县,中学,tdt
697,求是高级中学,浙江省湖州市德清县后溪街191,119.96364,30.54701,德清县,中学,tdt
698,德清华盛达外语学校,浙江省湖州市德清县浙江省湖州市德清县,119.99177,30.53743,德清县,中学,tdt
699,德清县求是高级中学,浙江省湖州市德清县永平路109,119.98539,30.55318,德清县,中学,tdt
700,南路中心学校,浙江省湖州市德清县浙江省湖州市德清县,119.873508,30.640469,德清县,中学,tdt
701,莫干山世界外国语中学,浙江省湖州市德清县浙江省湖州市德清县,119.88755,30.58187,德清县,中学,tdt
702,湖州市技师学院,浙江省湖州市德清县中兴南路244,119.96454,30.53494,德清县,中专,tdt
703,湖州市技师学院,浙江省湖州市德清县山湾里99,120.065783,30.542024,德清县,中专,tdt
704,新市职业高级中学,浙江省湖州市德清县高林路60西北方向104米,120.278949,30.608763,德清县,中专,tdt
705,湖州市技师学院,浙江省湖州市德清县西郊路152,120.07847,30.5549,德清县,中专,tdt
706,湖州农民学院德清分院,浙江省湖州市德清县体育场街18,119.95687,30.53952,德清县,大专,tdt
707,浙江工业大学德清校区,浙江省湖州市德清县浙江省湖州市德清县,120.03318,30.55496,德清县,大专,tdt
708,蒙恩国际婴幼儿发展中心,德清县武康镇中兴南路588号,119.96384625623487,30.527203620569576,德清县,幼儿园,gd
709,蠡山村幼儿园,德清县钟管镇西茅山村69号,120.13405529016113,30.58056235189659,德清县,幼儿园,gd
710,德清县第二实验幼儿园格兰维亚园区,德清县格兰维亚19栋,119.98686539002932,30.537536392108823,德清县,幼儿园,gd
711,庆安幼儿园,德清县仓前路9号乾元瑞通浅水湾,120.07475951021756,30.544295306346886,德清县,幼儿园,gd
712,诺亚舟金都幼儿园,德清县武康镇志远南路368号(金都田园小区内),119.9460609287201,30.541667441015665,德清县,幼儿园,gd
713,湖州市德清县乾元镇中心幼儿园,德清县乾元镇九曲龙庭29号,120.06601495232785,30.537082647269116,德清县,幼儿园,gd
714,德清县千秋幼儿园(市心府园区),德清县英溪北路,119.95962556908674,30.549261491954386,德清县,幼儿园,gd
715,德清县东宸幼儿园,德清县千秋东街1261号,120.00778765722401,30.544493857694558,德清县,幼儿园,gd
716,地理信息小镇第二幼儿园,德清县古坝街与英溪南路交叉口,119.95708875732583,30.518372773214193,德清县,幼儿园,gd
717,高桥村幼儿园,德清县,120.2906448787451,30.543410970232692,德清县,幼儿园,gd
718,德清县机关幼儿园(城东园区),德清县南山南路210号,120.0026232489438,30.54225324862068,德清县,幼儿园,gd
719,山伢儿,德清县,119.95714867083458,30.61371377296589,德清县,幼儿园,gd
720,德清县第一实验幼教集团(英溪桃源园区),德清县武康街道舞阳街南侧(英溪桃源清波苑旁),119.99875668366793,30.53811339833989,德清县,幼儿园,gd
721,仙潭村幼儿园,德清县仙潭村村民委员会西侧约60米,119.85876171022782,30.629167532886587,德清县,幼儿园,gd
722,禹越镇徐家庄中心幼儿园北圩郎教学点,德清县,120.26215958023897,30.534023470854713,德清县,幼儿园,gd
723,德清县洛舍镇中心幼儿园,德清县东直街1号,120.11472255561543,30.629119963052243,德清县,幼儿园,gd
724,德清县上柏小学(新校区),德清县舞阳街道邮电路265号,119.95717488034256,30.491125895052512,德清县,小学,gd
725,德清县实验学校,德清县曲园南路466号,119.96694202217853,30.525801174479046,德清县,中学,gd
726,德清县第一中学,德清县武康街道千秋东街245号,119.98173859753108,30.544153175308626,德清县,中学,gd
727,德清县育才学校,德清县104国道,119.95713084539989,30.57620557805485,德清县,中学,gd
728,德清县第五中学,德清县钟管镇环城北路968号,120.1739104593361,30.652483719238578,德清县,中学,gd
729,德清县求是高级中学,德清县武康镇求是街1号,119.99164680522479,30.565719188535418,德清县,中学,gd
730,浙工大附属德清高级中学,德清县康乾街道德升路136号,120.02767748431724,30.539166124831084,德清县,中学,gd
731,莫干山镇世界外国语中学(建设中),德清县莫干山镇下坞里,119.88830636879183,30.580784010208617,德清县,中学,gd
732,浙江省德清县职业中等专业学校,德清县武康镇北湖街440号,119.93849577398862,30.552260169711705,德清县,职业技术学校,gd
733,禹越镇成人文化技术学校,德清县徐兴路3号,120.2626880010911,30.518025444913384,德清县,职业技术学校,gd
734,龙虎锻造职业技术学校,德清县德桐线,120.15597531381319,30.57838300925093,德清县,职业技术学校,gd
735,万通汽车教育・杭州,德清县雷甸镇塘北村乔莫南路1号,120.15629389095763,30.47647200153738,德清县,职业技术学校,gd
736,德清县吴越职业技能培训学校,德清县复兴北路与民丰街交叉口西南约40米,120.17970685100786,30.55724494028911,德清县,职业技术学校,gd
737,德清县阜溪街道成人文化技术学校,德清县阜溪街道长虹中街392号,119.97960177985169,30.556172122649734,德清县,职业技术学校,gd
738,德清县莫干山镇成人文化技术学校,德清县莫干山镇莫干山风景区黄郛西路19号,119.89146218547184,30.60197431957911,德清县,职业技术学校,gd
739,新利幼儿园,湖州市德清县桂源路,120.15580364338382,30.50844662056092,德清县,幼儿园,
740,钟管镇中心幼儿园,湖州市德清县钟管镇寺前路159号,120.18280744083962,30.649973174317168,德清县,幼儿园,
741,加元村幼儿园,湖州市德清县,120.23932424844145,30.622410987076595,德清县,幼儿园,
742,戈亭村幼儿园,湖州市德清县上塘路与兴盛路交叉路口往南约100米,120.13589916784281,30.64458019394556,德清县,幼儿园,
743,后坞幼儿园,湖州市德清县S304,119.82391293749733,30.592883300158114,德清县,幼儿园,
744,幼儿托育,湖州市德清县西郊路,120.0778987510232,30.55637357215218,德清县,幼儿园,
745,筏头成校,湖州市德清县钱百线德清县农村商业银行(筏头支行)西南侧约130米,119.85068034474794,30.545686552301547,德清县,中学,
746,宁波市机关第二幼儿园,浙江省宁波市海曙区苍水街172,121.54684,29.87864,海曙区,幼儿园,tdt
747,海曙区示范托儿所,浙江省宁波市海曙区西河街68弄18号,121.540505,29.883096,海曙区,幼儿园,tdt
748,宁波市宝韵海悦幼儿园,浙江省宁波市海曙区薛家南路478,121.49465,29.85931,海曙区,幼儿园,tdt
749,藕池幼儿园,浙江省宁波市海曙区恒江小区,121.5,29.84244,海曙区,幼儿园,tdt
750,崎湖幼儿园,浙江省宁波市海曙区浙江省宁波市海曙区,121.3998,29.92772,海曙区,幼儿园,tdt
751,宁波市闻裕顺幼儿园金地园区,浙江省宁波市海曙区宁波市海曙区白云街道柳汀街618弄32号,121.519367,29.871765,海曙区,幼儿园,tdt
752,江南幼儿园,浙江省宁波市海曙区江南绿洲31,121.49191,29.82184,海曙区,幼儿园,tdt
753,格兰春晨幼儿园,浙江省宁波市海曙区工贸四路180正西方向36米,121.45276,29.86519,海曙区,幼儿园,tdt
754,宁波外经贸幼儿园,浙江省宁波市海曙区筱墙路22,121.52942,29.88096,海曙区,幼儿园,tdt
755,集士港镇中心幼儿园,浙江省宁波市海曙区井亭家园77,121.44253,29.8609,海曙区,幼儿园,tdt
756,宁波市闻裕顺幼儿园,浙江省宁波市海曙区蓝天路299弄12,121.51288,29.8744,海曙区,幼儿园,tdt
757,洞桥镇中心幼儿园明苑园,浙江省宁波市海曙区洞桥明苑195,121.41009,29.77994,海曙区,幼儿园,tdt
758,石\街道中心幼儿园雍景苑园区,浙江省宁波市海曙区雍景街雍景苑,121.495347,29.833267,海曙区,幼儿园,tdt
759,栎社幼儿园,浙江省宁波市海曙区工业区8正北方向59米,121.4742,29.80452,海曙区,幼儿园,tdt
760,宁波市第二幼儿园,浙江省宁波市海曙区象鼻巷4,121.543316,29.868093,海曙区,幼儿园,tdt
761,宁波市第二幼儿园五江湾园区,浙江省宁波市海曙区浙江省宁波市海曙区,121.50681,29.89552,海曙区,幼儿园,tdt
762,高桥镇中心幼儿园,浙江省宁波市海曙区盛世郦都122号东南方向114米,121.46071,29.91002,海曙区,幼儿园,tdt
763,望春幼儿园,浙江省宁波市海曙区望春路554弄28号,121.5024,29.88736,海曙区,幼儿园,tdt
764,宁波市宝韵音乐幼儿园,浙江省宁波市海曙区吴家塘路128号,121.527938,29.870229,海曙区,幼儿园,tdt
765,爱中小学,浙江省宁波市海曙区浙江省宁波市海曙区,121.316245,29.891967,海曙区,小学,tdt
766,育文学校,浙江省宁波市海曙区鄞县大道西段629弄2,121.503085,29.823171,海曙区,小学,tdt
767,宁波市广济中心小学,浙江省宁波市海曙区丽园北路75弄138,121.5098,29.87445,海曙区,小学,tdt
768,宁波市海曙赫威斯学校,浙江省宁波市海曙区横河街55号,121.544851,29.883982,海曙区,小学,tdt
769,鄞江镇中心小学,浙江省宁波市海曙区竹节岭路30东南方向130米,121.35506,29.7832,海曙区,小学,tdt
770,海曙区龙观中心学校,浙江省宁波市海曙区龙兴路213号,121.308352,29.767493,海曙区,小学,tdt
771,宁波市海曙区镇明中心小学南都校区,浙江省宁波市海曙区宁波市海曙区云霞路226号,121.525508,29.857434,海曙区,小学,tdt
772,金谷小学,浙江省宁波市海曙区后隆496号,121.31352,29.78514,海曙区,小学,tdt
773,俞家小学,浙江省宁波市海曙区鄞县大道古林段999西北方向171米,121.43943,29.84212,海曙区,小学,tdt
774,海曙区雅戈尔实验学校,浙江省宁波市海曙区浙江省宁波市海曙区,121.52291,29.84443,海曙区,小学,tdt
775,奉化尚田中心小学,浙江省宁波市海曙区尚兴路12-2正北方向173米,121.416,29.75129,海曙区,小学,tdt
776,宁波市海曙外国语学校五江口校区,浙江省宁波市海曙区浙江省宁波市海曙区,121.50284,29.89876,海曙区,小学,tdt
777,高桥镇何家小学,浙江省宁波市海曙区联丰中路928,121.4809,29.87198,海曙区,小学,tdt
778,细岭树德学校,浙江省宁波市海曙区章水镇细岭,121.221185,29.830919,海曙区,小学,tdt
779,海曙区西郊学校小学部,浙江省宁波市海曙区浙江省宁波市海曙区,121.530784,29.887333,海曙区,小学,tdt
780,望江小学,浙江省宁波市海曙区王家83,121.49444,29.9081,海曙区,小学,tdt
781,海曙赫威斯学校,浙江省宁波市海曙区广安路268正北方向135米,121.51334,29.89234,海曙区,小学,tdt
782,鄞县共青希望小学,浙江省宁波市海曙区郑家小菜场旁边东南方向162米,121.31413,29.81162,海曙区,小学,tdt
783,蓓蕾小学,浙江省宁波市海曙区共任村,121.45068,29.82179,海曙区,小学,tdt
784,宁波外事学校启运校区,浙江省宁波市海曙区启运路298号,121.505723,29.846967,海曙区,中学,tdt
785,古林镇中学,浙江省宁波市海曙区薛家村禅家桥,121.492107,29.861396,海曙区,中学,tdt
786,海曙区高桥镇中学,浙江省宁波市海曙区高桥镇芦港村,121.489612,29.897194,海曙区,中学,tdt
787,宁波市第二中学松苑校区,浙江省宁波市海曙区共青路57号,121.53715,29.86769,海曙区,中学,tdt
788,东恩中学,浙江省宁波市海曙区灵桥路164,121.54668,29.8607,海曙区,中学,tdt
789,宁波市第十五中学实验校区,浙江省宁波市海曙区蓝天路358,121.50969,29.87803,海曙区,中学,tdt
790,黄冈中学网校宁波海曙分校,浙江省宁波市海曙区天一豪景B座13-01,121.549,29.87398,海曙区,中学,tdt
791,东恩中学・东方校区,浙江省宁波市海曙区甬水桥路65,121.53495,29.859388,海曙区,中学,tdt
792,浙江工商职业技术学院,浙江省宁波市海曙区机场路1988,121.50203,29.86801,海曙区,中专,tdt
793,宁波海丽美发美容化妆职业学校,浙江省宁波市海曙区灵桥路159号长春大厦4层,121.54503,29.8619,海曙区,中专,tdt
794,宁波甬江财经学校,浙江省宁波市海曙区府桥街38弄9号,121.54323,29.87738,海曙区,中专,tdt
795,宁波旅游学校,浙江省宁波市海曙区气象路117号,121.516559,29.861912,海曙区,中专,tdt
796,海曙职业中学财经职业学校,浙江省宁波市海曙区浙江省宁波市海曙区,121.27372,29.828304,海曙区,中专,tdt
797,宁波市海曙区威迅教育职业进修学校,浙江省宁波市海曙区浙江省宁波市海曙区,121.55136,29.874789,海曙区,中专,tdt
798,浙江商业技师学院,浙江省宁波市海曙区环城西路南段138,121.51725,29.8756,海曙区,中专,tdt
799,尚野形象设计职业学校,浙江省宁波市海曙区镇明路532号月湖新荟天地E座4楼,121.54174,29.8732,海曙区,中专,tdt
800,宁波职业技术学院新典校区,浙江省宁波市海曙区新典路46,121.52683,29.8543,海曙区,中专,tdt
801,宁波市行政学院,浙江省宁波市海曙区甬水桥路281,121.52563,29.86427,海曙区,大专,tdt
802,宁波工程学院西校区,浙江省宁波市海曙区翠柏路89,121.52801,29.88271,海曙区,大专,tdt
803,红黄蓝亲子园(恒茂商业广场店),海曙区丽园北路866号恒茂商业广场1层,121.51600716307821,29.894011466241984,海曙区,幼儿园,gd
804,包家幼儿园,海曙区杭甬高速公路,121.48234004007136,29.851878006788585,海曙区,幼儿园,gd
805,小鬼当家亲子乐园,海曙区澄浪堰路28弄66号附近,121.54211002529098,29.857659618353924,海曙区,幼儿园,gd
806,东方幼儿园,海曙区雅渡新村888号,121.50185863220601,29.82686901832425,海曙区,幼儿园,gd
807,芝芽树・启蒙幼学(南塘店),海曙区鄞奉路221-223号南塘金茂府二期,121.53602554017611,29.85528819202927,海曙区,幼儿园,gd
808,禾儿蒙台梭利幼儿园,海曙区环城西路南段861号,121.52060644940487,29.84999633037417,海曙区,幼儿园,gd
809,森屿蒙特梭利幼儿园,海曙区春华路928号2号楼,121.45644137806443,29.864128599489213,海曙区,幼儿园,gd
810,佛蒙特双语幼儿园,海曙区望春街道环城西路真和大酒店C座一层,121.51816806496404,29.888337988049404,海曙区,幼儿园,gd
811,宁波市新芝幼儿园,海曙区永丰西路98弄54号,121.53651318135863,29.890683282098703,海曙区,幼儿园,gd
812,宁波诺丁堡幼儿园,海曙区万利路177号,121.49669278078476,29.819993116768064,海曙区,幼儿园,gd
813,宁波市海曙区高桥镇海润佳园幼儿园,海曙区高桥镇新蒲路959号,121.45780633555039,29.884945490011695,海曙区,幼儿园,gd
814,古林镇蜃蛟幼儿园,海曙区,121.40095966884685,29.816803558682523,海曙区,幼儿园,gd
815,新欣幼儿园(沁园春天西),海曙区,121.40522686710071,29.78098071492613,海曙区,幼儿园,gd
816,宁波市海曙区望童幼儿园,海曙区望童北苑9号,121.50389799789703,29.88763890276408,海曙区,幼儿园,gd
817,宁波市闻裕顺幼儿园江湾城园区,海曙区澄浪南路南塘金茂府东南侧约250米,121.53881085804994,29.854346075713774,海曙区,幼儿园,gd
818,宁海县西子嘉宝幼儿园,海曙区桃源街道万兴路与汇通路交叉口西50米路北,121.54562058393687,29.87092465011001,海曙区,幼儿园,gd
819,高桥镇中心小学,海曙区高桥镇新丰路与新联路交叉,121.46003265797337,29.894817200007125,海曙区,小学,gd
820,孙文英小学气象路校区,海曙区段塘街道气象路59号,121.51901109271901,29.861625970026232,海曙区,小学,gd
821,横涨小学(建设中),海曙区横涨村中心北路270号,121.44008532767289,29.79244383399868,海曙区,小学,gd
822,古林镇中心小学,海曙区文卫路128号,121.43808852964719,29.828719875586316,海曙区,小学,gd
823,布政小学,海曙区段梅路金隆家园对面,121.46369059396208,29.840261527710563,海曙区,小学,gd
824,海曙中心小学教育集团薛家小学,海曙区古林镇薛家村薛家小学,121.49650913125076,29.857042522340418,海曙区,小学,gd
825,高桥镇成才学校,海曙区高桥镇秀丰村三成路175号,121.47057741792433,29.889622032124198,海曙区,小学,gd
826,字丰希望小学,海曙区分天段东100米,121.17834181938551,29.80623778124704,海曙区,小学,gd
827,宁波效实中学,海曙区白杨街178号,121.52452354113413,29.875276625007142,海曙区,中学,gd
828,同济中学,海曙区高桥镇迎春路289号,121.49443111856519,29.87718401328731,海曙区,中学,gd
829,东恩中学,海曙区灵桥路164号,121.54546710106419,29.859238067456594,海曙区,中学,gd
830,宁波市实验学校,海曙区中山西路1182弄86号,121.51245539487614,29.88643445680897,海曙区,中学,gd
831,宁波市甬江职业高级中学,海曙区西门街道文化路368号,121.52669061718242,29.888294852329135,海曙区,职业技术学校,gd
832,宁波市古林职业高级中学,海曙区古林镇古林中心路270号,121.43314794126184,29.840769576057216,海曙区,职业技术学校,gd
833,华升职业培训学校,海曙区横街东路与联集线交叉口东北100米,121.40549921232278,29.861951055589216,海曙区,职业技术学校,gd
834,古林镇成人文化技术学校(葑水港),海曙区古林镇,121.46492405975086,29.83002846952843,海曙区,职业技术学校,gd
835,宁波四季春服装学校,海曙区石\街道万成路300号,121.4964531454517,29.817310655567802,海曙区,职业技术学校,gd
836,旭航学校,海曙区,121.45245833174145,29.873311295281248,海曙区,职业技术学校,gd
837,宁波大红鹰学院艺术与传媒学院,海曙区学院路1号,121.47903386124904,29.88914128405199,海曙区,职业技术学校,gd
838,宁波市爱菊艺术学校(姚丰校区),海曙区沁园街619号,121.50144806434794,29.877693076069136,海曙区,职业技术学校,gd
839,宁波宝韵早教园,宁波市海曙区高塘路29弄30号,121.53676076608738,29.88536925434529,海曙区,幼儿园,
840,苹果树幼托,宁波市海曙区范江岸路与江星路交叉路口往东北约50米,121.51285700418238,29.895853578347555,海曙区,幼儿园,
841,TCA南塘托育园,浙江省宁波市海曙区船埠巷68号,121.5374258902542,29.858276701924055,海曙区,幼儿园,
842,小树苗,宁波市海曙区古林镇薛家新家园南大门子恒文化艺术2楼,121.49903113925278,29.85631852660858,海曙区,幼儿园,
843,雄镇小学,宁波市海曙区鄞奉路雄镇小区,121.51653140640195,29.84037485561989,海曙区,小学,
844,宁波市海曙外国语学校,宁波市海曙区悠云路409号,121.52152734191392,29.90047250191721,海曙区,中学,
845,翠柏中学,宁波市海曙区丰柏街钱东社区西南侧,121.52532142713983,29.89010951484426,海曙区,中学,
846,私立甬江女子中学旧址,宁波市海曙区和义路106号,121.5490812618859,29.878922893282823,海曙区,中学,
847,东恩中学-体艺馆,宁波市海曙区灵桥路164号东恩中学,121.54457780264245,29.85985125821786,海曙区,中学,
848,海巡二中,宁波市海曙区环城西路北段245弄29号,121.51722862907339,29.889345972477447,海曙区,中学,
